,city,company,company_link,high_salary,low_salary,name,publish_time
0,武汉,北京榆钱投资管理有限公司,https://jobs.51job.com/all/co3647884.html,,,python web工程师,05-26
1,北京,北京经世万方信息技术有限公司,https://jobs.51job.com/all/co2770372.html,,,Python数据分析师,05-26
2,成都,成都之维安科技股份有限公司,https://jobs.51job.com/all/co2506883.html,,,python高级开发工程师,05-26
3,福州,福州龙腾简合网络技术有限公司,https://jobs.51job.com/all/co3511599.html,,,高级Python开发工程师,05-26
4,深圳,TCL互联网事业本部,https://jobs.51job.com/all/co3905606.html,,,PHP/python/java开发工程师,05-26
5,合肥,合肥中科云巢科技有限公司,https://jobs.51job.com/all/co5055491.html,,,Python高级开发工程师,05-26
6,广州,广州哆啦信息科技有限公司,https://jobs.51job.com/all/co4626214.html,,,Python爬虫工程师,05-26
7,厦门,北京汉克时代科技有限公司,https://jobs.51job.com/all/co2844997.html,,,python后端开发,05-26
8,西安,奇虎360科技有限公司,https://jobs.51job.com/all/co804886.html,,,服务端Python工程师,05-26
9,郑州,河南省生产力促进中心,https://jobs.51job.com/all/co3777697.html,,,python讲师,05-26
10,苏州,上海众言网络科技有限公司,https://jobs.51job.com/all/co2239102.html,,,Python高级开发师,05-26
11,北京,达内时代科技集团有限公司,https://jobs.51job.com/all/co4764354.html,,,Python讲师 (MJ004002),05-26
12,深圳,深圳市天翼互联科技有限公司,https://jobs.51job.com/all/co4328861.html,,,Python开发工程师,05-26
13,北京,北京博莘科技有限公司,https://jobs.51job.com/all/co4639761.html,,,Python少儿培训师,05-26
14,石家庄,石家庄明妄信息技术有限公司,https://jobs.51job.com/all/co5001928.html,,,python数据开发+五险,05-26
15,佛山,广州数驰信息科技有限公司,https://jobs.51job.com/all/co4300742.html,,,Python开发工程师,05-26
16,上海,奕诊（上海）医疗咨询有限公司,https://jobs.51job.com/all/co4572366.html,,,Python 开发,05-26
17,上海,武汉云客易在线科技有限公司,https://jobs.51job.com/all/co4941147.html,,,python/c++软件开发工程师,05-26
18,南京,南京中一物联科技有限公司,https://jobs.51job.com/all/co4647760.html,200元/天,200元/天,python实习生,05-26
19,南京,南京青花瓷软件科技有限公司,https://jobs.51job.com/all/co3320160.html,,,Python/ROR开发工程师（外包富士通南大）,05-26
20,深圳,成都迈思信息技术有限公司,https://jobs.51job.com/all/co3352286.html,,,Python开发工程师,05-26
21,苏州,苏州科大国创信息技术有限公司,https://jobs.51job.com/all/co2069381.html,,,Python开发工程师,05-26
22,深圳,深圳市掌世界网络科技有限公司,https://jobs.51job.com/all/co2272673.html,,,Python开发工程师,05-26
23,西安,北京华九德企业管理有限公司,https://jobs.51job.com/all/co4653319.html,,,Python开发工程师,05-26
24,work_place,company,company_link,salary,salary,name,publish_time
25,成都,湖南潭州教育网络科技有限公司成都分公司,https://jobs.51job.com/all/co4984419.html,,,Python讲师,05-26
26,深圳,深圳睿云智合科技有限公司,https://jobs.51job.com/all/co4668205.html,,,Python开发工程师,05-26
27,上海,上海约合教育科技有限公司,https://jobs.51job.com/all/co4805711.html,200元/小时,200元/小时,少儿编程老师/Scratch教师/Python教师,05-26
28,上海,无锡智慧喵教育科技有限公司,https://jobs.51job.com/all/co4105477.html,,,机器人编程老师（Scratch.Python.c++）,05-26
29,深圳,深圳市前海合派科技有限公司,https://jobs.51job.com/all/co5054387.html,,,python开发工程师,05-26
30,西安,奇虎360科技有限公司,https://jobs.51job.com/all/co804886.html,,,服务端Python工程师,05-26
31,深圳,深圳市天翼互联科技有限公司,https://jobs.51job.com/all/co4328861.html,,,Python开发工程师,05-26
32,武汉,北京榆钱投资管理有限公司,https://jobs.51job.com/all/co3647884.html,,,python web工程师,05-26
33,北京,北京经世万方信息技术有限公司,https://jobs.51job.com/all/co2770372.html,,,Python数据分析师,05-26
34,成都,成都之维安科技股份有限公司,https://jobs.51job.com/all/co2506883.html,,,python高级开发工程师,05-26
35,福州,福州龙腾简合网络技术有限公司,https://jobs.51job.com/all/co3511599.html,,,高级Python开发工程师,05-26
36,深圳,TCL互联网事业本部,https://jobs.51job.com/all/co3905606.html,,,PHP/python/java开发工程师,05-26
37,合肥,合肥中科云巢科技有限公司,https://jobs.51job.com/all/co5055491.html,,,Python高级开发工程师,05-26
38,广州,广州哆啦信息科技有限公司,https://jobs.51job.com/all/co4626214.html,,,Python爬虫工程师,05-26
39,厦门,北京汉克时代科技有限公司,https://jobs.51job.com/all/co2844997.html,,,python后端开发,05-26
40,深圳,深圳市一只蜜蜂科技有限公司,https://jobs.51job.com/all/co4991685.html,,,Python工程师+三年以上工作经验,05-26
41,杭州,北京中公教育科技股份有限公司杭州分公司,https://jobs.51job.com/all/co4772538.html,,,IT培训讲师（Python）,05-26
42,深圳,深圳菩提教育信息技术有限公司,https://jobs.51job.com/all/co4239244.html,,,Python开发工程师,05-26
43,武汉,武汉神目信息技术有限公司,https://jobs.51job.com/all/co2510544.html,,,Python 高级开发工程师,05-26
44,北京,北京博莘科技有限公司,https://jobs.51job.com/all/co4639761.html,,,Python少儿培训师,05-26
45,武汉,优维科技（深圳）有限公司,https://jobs.51job.com/all/co4996224.html,,,Python开发工程师,05-26
46,北京,北京博学慎思教育科技有限公司,https://jobs.51job.com/all/co3594517.html,,,python高级开发工程师,05-26
47,北京,瞬联软件科技（北京）有限公司 CIeNET Technologies,https://jobs.51job.com/all/co111126.html,,,Python开发工程师,05-26
48,南京,南京中一物联科技有限公司,https://jobs.51job.com/all/co4647760.html,200元/天,200元/天,python实习生,05-26
49,南京,南京青花瓷软件科技有限公司,https://jobs.51job.com/all/co3320160.html,,,Python/ROR开发工程师（外包富士通南大）,05-26
50,work_place,company,company_link,salary,salary,name,publish_time
51,成都,湖南潭州教育网络科技有限公司成都分公司,https://jobs.51job.com/all/co4984419.html,,,Python讲师,05-26
52,深圳,深圳睿云智合科技有限公司,https://jobs.51job.com/all/co4668205.html,,,Python开发工程师,05-26
53,上海,上海约合教育科技有限公司,https://jobs.51job.com/all/co4805711.html,200元/小时,200元/小时,少儿编程老师/Scratch教师/Python教师,05-26
54,上海,无锡智慧喵教育科技有限公司,https://jobs.51job.com/all/co4105477.html,,,机器人编程老师（Scratch.Python.c++）,05-26
55,深圳,深圳市前海合派科技有限公司,https://jobs.51job.com/all/co5054387.html,,,python开发工程师,05-26
56,西安,奇虎360科技有限公司,https://jobs.51job.com/all/co804886.html,,,服务端Python工程师,05-26
57,深圳,深圳市天翼互联科技有限公司,https://jobs.51job.com/all/co4328861.html,,,Python开发工程师,05-26
58,武汉,北京榆钱投资管理有限公司,https://jobs.51job.com/all/co3647884.html,,,python web工程师,05-26
59,北京,北京经世万方信息技术有限公司,https://jobs.51job.com/all/co2770372.html,,,Python数据分析师,05-26
60,成都,成都之维安科技股份有限公司,https://jobs.51job.com/all/co2506883.html,,,python高级开发工程师,05-26
61,福州,福州龙腾简合网络技术有限公司,https://jobs.51job.com/all/co3511599.html,,,高级Python开发工程师,05-26
62,深圳,TCL互联网事业本部,https://jobs.51job.com/all/co3905606.html,,,PHP/python/java开发工程师,05-26
63,合肥,合肥中科云巢科技有限公司,https://jobs.51job.com/all/co5055491.html,,,Python高级开发工程师,05-26
64,广州,广州哆啦信息科技有限公司,https://jobs.51job.com/all/co4626214.html,,,Python爬虫工程师,05-26
65,厦门,北京汉克时代科技有限公司,https://jobs.51job.com/all/co2844997.html,,,python后端开发,05-26
66,深圳,深圳市一只蜜蜂科技有限公司,https://jobs.51job.com/all/co4991685.html,,,Python工程师+三年以上工作经验,05-26
67,杭州,北京中公教育科技股份有限公司杭州分公司,https://jobs.51job.com/all/co4772538.html,,,IT培训讲师（Python）,05-26
68,深圳,深圳菩提教育信息技术有限公司,https://jobs.51job.com/all/co4239244.html,,,Python开发工程师,05-26
69,武汉,武汉神目信息技术有限公司,https://jobs.51job.com/all/co2510544.html,,,Python 高级开发工程师,05-26
70,北京,北京博莘科技有限公司,https://jobs.51job.com/all/co4639761.html,,,Python少儿培训师,05-26
71,武汉,优维科技（深圳）有限公司,https://jobs.51job.com/all/co4996224.html,,,Python开发工程师,05-26
72,北京,北京博学慎思教育科技有限公司,https://jobs.51job.com/all/co3594517.html,,,python高级开发工程师,05-26
73,北京,瞬联软件科技（北京）有限公司 CIeNET Technologies,https://jobs.51job.com/all/co111126.html,,,Python开发工程师,05-26
74,南京,南京中一物联科技有限公司,https://jobs.51job.com/all/co4647760.html,200元/天,200元/天,python实习生,05-26
75,南京,南京青花瓷软件科技有限公司,https://jobs.51job.com/all/co3320160.html,,,Python/ROR开发工程师（外包富士通南大）,05-26
76,上海,上海易路软件有限公司,https://jobs.51job.com/all/co1505360.html,,,Python开发工程师,05-26
77,上海,英华达（上海）电子有限公司,https://jobs.51job.com/all/co161148.html,,,Python/Openstack 工程师,05-26
78,上海,上海网元电子商务有限公司,https://jobs.51job.com/all/co3174448.html,,,Python高级开发工程师,05-26
79,深圳,深圳市博奥特科技有限公司,https://jobs.51job.com/all/co4902829.html,,,Python开发工程师,05-26
80,南京,南京市玄武区宇皋俊电子科技中心,https://jobs.51job.com/all/co5008699.html,,,初级Python工程师助理（双休）,05-26
81,西安,北京华九德企业管理有限公司,https://jobs.51job.com/all/co4653319.html,,,Python开发工程师,05-26
82,成都,成都信升斯科技有限公司,https://jobs.51job.com/all/co2854751.html,,,Python开发工程师,05-26
83,上海,上海网域网络科技有限公司,https://jobs.51job.com/all/co328791.html,,,C/C++/python/tensorflow,05-26
84,广州,广州南天电脑系统有限公司,https://jobs.51job.com/all/co2721234.html,,,Python开发工程师,05-26
85,杭州,上海天玑科技股份有限公司,https://jobs.51job.com/all/co493908.html,,,Python开发工程师,05-26
86,深圳,深圳市文言科技发展有限公司,https://jobs.51job.com/all/co5023630.html,,,Python开发工程师（初级）,05-26
87,异地招聘,广州市电牛医药科技有限公司,https://jobs.51job.com/all/co4693855.html,,,Python开发工程师,05-26
88,北京,北京荣之联科技股份有限公司,https://jobs.51job.com/all/co932343.html,,,高级爬虫工程师（Python）,05-26
89,成都,四川弘和集团,https://jobs.51job.com/all/co2312644.html,,,Python开发工程师,05-26
90,上海,上海阿特门计算机技术有限公司,https://jobs.51job.com/all/co2568890.html,,,Python高级开发工程师,05-26
91,上海,乐荐信息科技（北京）有限公司,https://jobs.51job.com/all/co4530849.html,,,Python web开发工程师,05-26
92,深圳,深圳库尚信息技术有限公司,https://jobs.51job.com/all/co3984308.html,,,Python开发工程师（后端开发）,05-26
93,上海,北京海兰信数据科技股份有限公司,https://jobs.51job.com/all/co2333122.html,,,Python高级数据开发工程师,05-26
94,上海,年享控股集团有限公司,https://jobs.51job.com/all/co4359375.html,,,Python开发工程师(区块链),05-26
95,上海,上海行动教育科技股份有限公司,https://jobs.51job.com/all/co1440080.html,,,高级Python/Odoo开发工程师/经理（集团IT）,05-26
96,北京,北京棣南新宇科技有限公司,https://jobs.51job.com/all/co3511653.html,,,Python高级开发工程师,05-26
97,上海,上海凭安征信服务有限公司,https://jobs.51job.com/all/co2869172.html,,,Python架构师,05-26
98,天津,天津荣联汇智智能科技有限公司,https://jobs.51job.com/all/co3817164.html,,,PYTHON（ODOO）开发工程师,05-26
99,济南,山东远思信息科技有限公司,https://jobs.51job.com/all/co4128026.html,,,Python开发工程师,05-26
100,北京,北京简单科技有限公司（简单学习网）,https://jobs.51job.com/all/co2118936.html,,,Python开发,05-26
101,上海,MAX Communication,https://jobs.51job.com/all/co2457518.html,,,Python,05-26
102,北京,博彦科技股份有限公司,https://jobs.51job.com/all/co3872886.html,,,python开发工程师（机器学习）,05-26
103,合肥,宣城金策信息科技有限公司,https://jobs.51job.com/all/co4674693.html,,,Python开发工程师,05-26
104,广州,广州米多网络科技有限公司,https://jobs.51job.com/all/co284489.html,,,Python工程师（年终奖+六险一金+双休）,05-26
105,沈阳,沈阳东软睿道教育服务有限公司,https://jobs.51job.com/all/co3121682.html,,,大数据/Python开发工程师（可实习）,05-26
106,苏州,苏州梦嘉传媒有限公司,https://jobs.51job.com/all/co4356501.html,,,Python开发工程师,05-26
107,上海,上海容大教育培训有限公司,https://jobs.51job.com/all/co3245869.html,,,python讲师 IT行业,05-26
108,广州,广州楠天网络科技有限公司,https://jobs.51job.com/all/co4015962.html,,,Python开发工程师,05-26
109,武汉,达内时代教育集团,https://jobs.51job.com/all/co4760473.html,,,Python讲师/项目经理（软件园）,05-26
110,广州,广州稻禾信息科技有限公司,https://jobs.51job.com/all/co4053642.html,,,python工程师 python开发工程师,05-26
111,深圳,深圳市越健明科技有限公司,https://jobs.51job.com/all/co3092086.html,,,Python程序员 数据挖掘方向,05-26
112,南京,南京夏娃金融信息服务有限公司,https://jobs.51job.com/all/co4757991.html,,,Python开发工程师,05-26
113,广州,广州天鹏计算机科技有限公司,https://jobs.51job.com/all/co2076553.html,,,Python高级开发工程师,05-26
114,沈阳,沈阳十月猛犸动画制作有限公司,https://jobs.51job.com/all/co3348505.html,,,Python工程师,05-26
115,上海,上海优刻得信息科技有限公司,https://jobs.51job.com/all/co2808702.html,,,初级Python开发工程师,05-26
116,武汉,武汉掌中宝网络科技有限公司,https://jobs.51job.com/all/co3938947.html,,,python服务端,05-26
117,上海,上海维祥信息技术有限公司,https://jobs.51job.com/all/co2626233.html,,,Python高级开发工程师,05-26
118,深圳,富士康科技集团CNSBG事业群,https://jobs.51job.com/all/co321501.html,,,Python+MySQL 后台开发工程师,05-26
119,广州,广东盟讯科技有限公司,https://jobs.51job.com/all/co4701966.html,,,Python爬虫工程师(双休 7险1金),05-26
120,异地招聘,重庆卓睿信息技术有限公司,https://jobs.51job.com/all/co4090456.html,,,Python开发助理/实习生  双休,05-26
121,西安,中软博通软件（西安）,https://jobs.51job.com/all/co4160660.html,,,Python开发助理  双休,05-26
122,武汉,武汉朱雀闻天科技有限公司,https://jobs.51job.com/all/co4216093.html,,,Python开发工程师,05-26
123,深圳,深圳市华付信息技术有限公司,https://jobs.51job.com/all/co3428291.html,,,python工程师,05-26
124,上海,上海神州数码有限公司,https://jobs.51job.com/all/co2010551.html,,,Python开发工程师,05-26
125,沈阳,沈阳彩檬科技有限公司,https://jobs.51job.com/all/co4041672.html,,,Python软件工程师,05-26
126,广州,佛山市创商汇电子商务有限公司,https://jobs.51job.com/all/co3683733.html,,,Python开发工程师,05-26
127,深圳,深圳市芒柠科技有限公司,https://jobs.51job.com/all/co4828615.html,,,Python开发工程师,05-26
128,昆山,昆山千金电子有限公司,https://jobs.51job.com/all/co2798937.html,,,python程序员,05-26
129,北京,北京八维研修学院,https://jobs.51job.com/all/co252094.html,,,Python开发工程师,05-26
130,南昌,上海谷途旅游有限公司江西分公司,https://jobs.51job.com/all/co4804742.html,,,Python开发工程师,05-26
131,杭州,杭州大块科技有限公司,https://jobs.51job.com/all/co5027323.html,,,爬虫/python工程师,05-26
132,北京,北京友仁邦信息科技有限公司,https://jobs.51job.com/all/co4113916.html,,,Python开发工程师,05-26
133,武汉,湖北阿百云健康科技服务有限公司,https://jobs.51job.com/all/co5010554.html,,,Python开发工程师,05-26
134,深圳,上海速强信息技术有限公司,https://jobs.51job.com/all/co2274319.html,,,Python开发工程师,05-26
135,广州,广东菲立智能家居有限公司,https://jobs.51job.com/all/co4197999.html,,,Python开发工程师（十三薪诚聘）,05-26
136,深圳,深圳市泽林软件技术有限公司,https://jobs.51job.com/all/co3948274.html,,,Python高级DevOps工程师,05-26
137,北京,广州柏欣计算机科技有限公司,https://jobs.51job.com/all/co4758027.html,,,Python开发（朝阳区）,05-26
138,东莞,东莞市耐萨斯自动化科技有限公司,https://jobs.51job.com/all/co4788502.html,,,Python工程师,05-26
139,深圳,深圳市爱飞亿科技有限公司,https://jobs.51job.com/all/co4163936.html,,,PHP+Python软件工程师,05-26
140,青岛,青岛迈科思软件有限责任公司,https://jobs.51job.com/all/co4644811.html,,,Python/Ruby软件开发工程师,05-26
141,广州,广州市漫灵软件有限公司,https://jobs.51job.com/all/co2956393.html,,,Python后端开发工程师,05-26
142,深圳,深圳市南方网通网络技术开发有限公司,https://jobs.51job.com/all/co2263689.html,,,Python开发工程师（包住+五险一金）,05-26
143,深圳,深圳市狮子软件有限公司,https://jobs.51job.com/all/co4931228.html,,,python数据工程师,05-26
144,武汉,武汉弘博职业培训学校,https://jobs.51job.com/all/co3845782.html,,,Python讲师,05-26
145,异地招聘,河北臻龙科技有限公司,https://jobs.51job.com/all/co4775025.html,,,Python开发工程师,05-26
146,深圳,深圳飞豹航天航空科技有限公司,https://jobs.51job.com/all/co2922122.html,,,"后台开发工程师（Node, Python, Java, Go）",05-26
147,深圳,深圳市涌浪网络技术有限公司,https://jobs.51job.com/all/co2526458.html,,,Python工程师（爬虫方向）,05-26
148,深圳,深圳市前海图灵互联网金融服务有限公司,https://jobs.51job.com/all/co3799369.html,,,Python技术工程师,05-26
149,东莞,深圳先知大数据有限公司,https://jobs.51job.com/all/co4978933.html,,,Python后端开发工程师,05-26
150,天津,天津创思客科技有限公司,https://jobs.51job.com/all/co5006487.html,,,Python开发工程师,05-26
151,深圳,深圳市华馨智能科技有限公司,https://jobs.51job.com/all/co5047156.html,,,Python高级开发工程师,05-26
152,上海,上海华安达信息技术发展有限公司,https://jobs.51job.com/all/co3440667.html,,,Python高级开发工程师,05-26
153,成都,成都安信源科技有限责任公司,https://jobs.51job.com/all/co4184493.html,,,Python开发工程师,05-26
154,深圳,深圳市易贝通科技有限公司,https://jobs.51job.com/all/co3233133.html,,,Python开发实习生,05-26
155,杭州,杭州扬冠网络科技有限公司,https://jobs.51job.com/all/co4992612.html,,,后端Python,05-26
156,北京,天津狮桥国际物流有限公司,https://jobs.51job.com/all/co3361161.html,,,python开发主管(北京),05-26
157,深圳,深圳市沃控科技有限公司,https://jobs.51job.com/all/co4522009.html,,,Python实习生 不限基础,05-26
158,无锡,善诚科技发展（上海）有限公司无锡分公司,https://jobs.51job.com/all/co2637890.html,,,无锡_python 自动化开发工程师,05-26
159,沈阳,辽宁地道科技有限公司,https://jobs.51job.com/all/co4915409.html,,,Python开发工程师(可接受实习生),05-26
160,深圳,安吉康尔（深圳）科技有限公司,https://jobs.51job.com/all/co4268217.html,,,资深Python开发工程师,05-26
161,武汉,武汉芯云道数据科技有限公司,https://jobs.51job.com/all/co4873280.html,,,python软件开发工程师,05-26
162,沈阳,沈阳焱展信息技术有限公司,https://jobs.51job.com/all/co4819853.html,,,python全栈人工智能,05-26
163,北京,北京好巧国际旅行社有限公司,https://jobs.51job.com/all/co3815622.html,,,Linux C++/Python高级研发工程师,05-26
164,上海,深圳市紫川软件有限公司,https://jobs.51job.com/all/co1430329.html,,,Python开发工程师,05-26
165,常州,江苏泓汛智能科技有限公司,https://jobs.51job.com/all/co4096523.html,,,Python开发工程师,05-26
166,重庆,重庆绿创建筑技术咨询有限公司,https://jobs.51job.com/all/co3709576.html,,,Python开发工程师,05-26
167,重庆,中移物联网有限公司,https://jobs.51job.com/all/co3514378.html,,,Python开发工程师-开放平台部,05-26
168,深圳,平安科技（深圳）有限公司,https://jobs.51job.com/all/co2155678.html,,,Python开发工程师（深圳）,05-26
169,深圳,深圳市佳创科技有限公司,https://jobs.51job.com/all/co4571925.html,,,初级python开发工程师,05-26
170,成都,成都源代码教育咨询有限公司,https://jobs.51job.com/all/co3511897.html,,,Python高级开发工程师,05-26
171,长沙,传智播客教育集团长沙分校,https://jobs.51job.com/all/co3716208.html,,,Python就业指导专员(J10835),05-26
172,成都,达而观信息科技（上海）有限公司,https://jobs.51job.com/all/co4133721.html,,,Python开发工程师,05-26
173,北京,人人行科技股份有限公司,https://jobs.51job.com/all/co3871707.html,,,python开发（Python/golang/java、Bash）,05-26
174,上海,上海汇付数据服务有限公司,https://jobs.51job.com/all/co3403807.html,,,运维开发工程师（Python）,05-26
175,上海,北京宏天信业信息技术股份有限公司上海分公司,https://jobs.51job.com/all/co3798089.html,,,Python开发工程师,05-26
176,北京,北京知源智生信息科技有限公司,https://jobs.51job.com/all/co4763088.html,,,数据工程师-Python,05-26
177,深圳,武汉微思敦网络技术有限公司,https://jobs.51job.com/all/co4053254.html,,,高级Python开发工程师（深圳）,05-26
178,郑州,河南识为软件科技有限公司,https://jobs.51job.com/all/co2416097.html,,,Python开发工程师,05-26
179,北京,北京泽塔云科技股份有限公司,https://jobs.51job.com/all/co3583658.html,,,Python开发工程师,05-26
180,上海,上海傲硕信息科技有限公司,https://jobs.51job.com/all/co3859753.html,,,高级Python开发工程师,05-26
181,上海,深圳前海橙色魔方信息技术有限公司,https://jobs.51job.com/all/co4920902.html,,,Python开发工程师,05-26
182,广州,清华珠三角研究院,https://jobs.51job.com/all/co4283564.html,,,Python开发工程师,05-26
183,北京,北京联龙博通电子商务技术有限公司,https://jobs.51job.com/all/co299377.html,,,Python开发工程师,05-26
184,上海,上海携宁计算机科技股份有限公司,https://jobs.51job.com/all/co366934.html,,,金融数据分析和机器学习(python),05-26
185,北京,诺华视创电影科技（江苏）股份有限公司北京分公司,https://jobs.51job.com/all/co4039512.html,,,Python开发工程师,05-26
186,上海,上海晏鼠计算机技术股份有限公司,https://jobs.51job.com/all/co3535929.html,,,Python web开发工程师,05-26
187,深圳,深圳市和讯华谷信息技术有限公司,https://jobs.51job.com/all/co2660982.html,,,Python开发工程师,05-26
188,深圳,第一品牌有限公司 FIRST BRAND LIMITED,https://jobs.51job.com/all/co2752277.html,,,python+postgreSQL 社交商城开发,05-25
189,广州,北京千锋互联科技有限公司广州分公司,https://jobs.51job.com/all/co3722638.html,,,python讲师,05-25
190,广州,广州锦行网络科技有限公司,https://jobs.51job.com/all/co4055834.html,,,Python开发工程师,05-25
191,上海,上海天戏互娱科技股份有限公司,https://jobs.51job.com/all/co3850817.html,,,服务器工程师(python、php),05-25
192,深圳,华强方特文化科技集团股份有限公司,https://jobs.51job.com/all/co2520.html,,,Python开发工程师,05-25
193,上海,博答企业管理咨询（上海）有限公司,https://jobs.51job.com/all/co2790850.html,,,Python开发工程师,05-25
194,广州,广州市乐天科技有限公司,https://jobs.51job.com/all/co1471576.html,,,PYTHON 开发工程师,05-25
195,深圳,携程旅行网深圳分公司,https://jobs.51job.com/all/co730754.html,,,Python开发J15588,05-25
196,大连,南京华苏科技有限公司,https://jobs.51job.com/all/co1997504.html,,,Python开发工程师,05-25
197,北京,北京多来点信息技术有限公司,https://jobs.51job.com/all/co2671689.html,,,Python后端开发工程师,05-25
198,上海,上海东方低碳科技产业股份有限公司,https://jobs.51job.com/all/co2757603.html,,,python开发工程师,05-25
199,上海,上海育创网络科技股份有限公司,https://jobs.51job.com/all/co4598366.html,,,python讲师（数据分析/人工智能）,05-25
200,济南,青岛方天科技股份有限公司,https://jobs.51job.com/all/co252338.html,,,Python开发工程师+五险一金+济南,05-25
201,杭州,杭州览众数据科技有限公司,https://jobs.51job.com/all/co4161660.html,,,python工程师,05-25
202,上海,上海量加网络科技有限公司,https://jobs.51job.com/all/co4647856.html,,,Python开发工程师,05-25
203,深圳,深圳市以沃科技有限公司,https://jobs.51job.com/all/co3019117.html,,,双休爬虫开发工程师php开发工程师python开发工程师,05-25
204,上海,上海景鹄集团有限公司,https://jobs.51job.com/all/co3776428.html,,,python开发工程师,05-25
205,北京,北京中体骏彩信息技术有限公司,https://jobs.51job.com/all/co4596619.html,,,Python开发工程师,05-25
206,上海,盘石软件（上海）有限公司,https://jobs.51job.com/all/co2620696.html,,,Python中级开发工程师,05-25
207,上海,上海伯豪生物技术有限公司,https://jobs.51job.com/all/co2501007.html,,,生物信息工程师（python）,05-25
208,昆明,云南能投物流有限责任公司,https://jobs.51job.com/all/co2944632.html,,,Python开发工程师,05-25
209,深圳,深圳市火乐科技发展有限公司,https://jobs.51job.com/all/co2545362.html,,,Python开发工程师,05-25
210,杭州,软通动力信息技术（集团）有限公司,https://jobs.51job.com/all/co4965848.html,,,python工程师,05-25
211,深圳,上海艺赛旗软件股份有限公司,https://jobs.51job.com/all/co2911408.html,,,Python(RPA)实施开发工程师（软件）,05-25
212,成都,成都点耀科技有限公司,https://jobs.51job.com/all/co4780567.html,,,Python 后台工程师,05-25
213,武汉,武汉网上网科技有限公司,https://jobs.51job.com/all/co2163743.html,,,Odoo & Python 工程师,05-25
214,上海,上海葵典云软件有限公司,https://jobs.51job.com/all/co2719813.html,,,Python数据挖掘工程师,05-25
215,海口,海南讯海科技有限公司,https://jobs.51job.com/all/co2624040.html,,,python开发工程师,05-25
216,上海,上海抱元网络科技有限公司,https://jobs.51job.com/all/co4215941.html,,,Python开发工程师,05-25
217,北京,北京微迅联创科技有限公司,https://jobs.51job.com/all/co4528657.html,,,Python开发工程师,05-25
218,大连,辽宁自由人国际旅行社有限公司,https://jobs.51job.com/all/co4574285.html,,,Python开发工程师,05-25
219,重庆,广州牵引力教育科技有限公司,https://jobs.51job.com/all/co4128857.html,,,Python老师,05-25
220,异地招聘,北京悦游信息技术有限公司,https://jobs.51job.com/all/co3236660.html,,,Python软件研发经理,05-25
221,郑州,北京欣如信科技有限公司,https://jobs.51job.com/all/co4957394.html,,,Python开发实习（接受零基础）+转行,05-25
222,武汉,武汉睿之航科技有限公司,https://jobs.51job.com/all/co4724309.html,,,Python开发工程师,05-25
223,成都,中环康源,https://jobs.51job.com/all/co2685160.html,,,Python开发工程师,05-25
224,沈阳,沈阳黑猫网络科技有限公司,https://jobs.51job.com/all/co4367883.html,,,Python开发工程师,05-25
225,杭州,杭州斯Q克信息技术有限公司,https://jobs.51job.com/all/co4993841.html,,,五险Python开发工程师助理,05-25
226,杭州,杭州创慧信息技术有限公司,https://jobs.51job.com/all/co4597110.html,,,python-web 全栈工程师,05-25
227,沈阳,沈阳吉塔思软件有限公司,https://jobs.51job.com/all/co3911282.html,,,Python开发工程师,05-25
228,广州,广州宝巨信息技术有限公司,https://jobs.51job.com/all/co3383792.html,,,Python开发工程师,05-25
229,广州,广州诺涵信息科技有限公司,https://jobs.51job.com/all/co4297222.html,,,python开发/爬虫开发工程师,05-25
230,北京,游族网络,https://jobs.51job.com/all/co2284274.html,,,Python开发工程师-base北京,05-25
231,广州,宇态控股广东有限公司,https://jobs.51job.com/all/co2986759.html,,,python工程师（大数据平台、运维）,05-25
232,深圳,深圳市瑞驰信息技术有限公司,https://jobs.51job.com/all/co4030667.html,,,Python开发工程师,05-25
233,深圳,深圳市度点科技有限公司,https://jobs.51job.com/all/co4152201.html,,,Python后台开发工程师,05-25
234,上海,亚创博彦（上海）信息技术有限公司,https://jobs.51job.com/all/co4207041.html,,,Python开发工程师,05-25
235,南京,江苏宝和数据股份有限公司,https://jobs.51job.com/all/co2425396.html,,,Python开发工程师,05-25
236,西安,红上至信商务信息咨询（上海）有限公司,https://jobs.51job.com/all/co4777740.html,,,Python爬虫工程师,05-25
237,上海,上海爱当家数据技术有限公司,https://jobs.51job.com/all/co4650265.html,,,Python高级开发工程师,05-25
238,上海,上海巨人网络科技有限公司,https://jobs.51job.com/all/co602197.html,,,python平台开发工程师,05-25
239,大连,优迅企业管理咨询（大连）有限公司,https://jobs.51job.com/all/co4577697.html,,,自然语言处理工程师/python,05-25
240,上海,魔方元科技,https://jobs.51job.com/all/co2611738.html,,,高级Python开发工程师,05-25
241,北京,中金智汇科技有限责任公司,https://jobs.51job.com/all/co4867594.html,,,Python开发工程师,05-25
242,合肥,合肥高维数据技术有限公司,https://jobs.51job.com/all/co3748852.html,,,python测试开发工程师,05-25
243,上海,上海多拿服饰有限公司,https://jobs.51job.com/all/co5038272.html,,,Python主管工程师（台籍）,05-25
244,武汉,武汉幻视智能科技有限公司,https://jobs.51job.com/all/co4762287.html,,,Python高级开发工程师,05-25
245,异地招聘,北京伯凯科技有限公司,https://jobs.51job.com/all/co4708858.html,,,Python开发工程师(Security ),05-25
246,深圳,上海炽聚网络科技有限公司,https://jobs.51job.com/all/co4766602.html,,,Python开发工程师,05-25
247,广州,广州一一网络技术有限公司,https://jobs.51job.com/all/co4751129.html,,,Python 后端开发工程师,05-25
248,异地招聘,深圳市风云互动网络科技有限公司,https://jobs.51job.com/all/co3907515.html,,,Python开发工程师,05-25
249,武汉,武汉白虹软件科技有限公司,https://jobs.51job.com/all/co3805567.html,,,Python开发工程师,05-25
250,西安,北京华软金科信息技术有限公司,https://jobs.51job.com/all/co3539198.html,,,开发工程师（python方向）,05-25
251,上海,内蒙古君正互联网小额贷款有限公司,https://jobs.51job.com/all/co4662285.html,,,软件工程师/Python/高级开发工程师,05-25
252,杭州,杭州顶真医药科技有限公司,https://jobs.51job.com/all/co4527550.html,,,python/爬虫工程师,05-25
253,郑州,中奕信息技术有限责任公司,https://jobs.51job.com/all/co4890397.html,,,Python开发工程师,05-25
254,宁波,宁波创母体网络科技有限公司,https://jobs.51job.com/all/co3360619.html,,,"Python, Swift, Java 软件工程师 应届毕业生",05-25
255,广州,蓝盾信息安全技术股份有限公司,https://jobs.51job.com/all/co1237758.html,,,Python工程师,05-25
256,上海,上海联璧电子科技（集团）有限公司,https://jobs.51job.com/all/co3326794.html,,,Python开发工程师,05-25
257,上海,上海美问信息科技有限公司,https://jobs.51job.com/all/co3645497.html,,,Python/Odoo开发工程师,05-25
258,上海,宏居网络技术（上海）有限公司,https://jobs.51job.com/all/co2874460.html,,,Python开发后端软件工程师,05-25
259,武汉,武汉百鲤网络技术有限公司,https://jobs.51job.com/all/co2900674.html,,,Python开发工程师,05-25
260,大连,大连华彩信息技术有限公司,https://jobs.51job.com/all/co2518479.html,,,python WEB开发工程师,05-25
261,广州,广州领教文化传媒科技有限公司,https://jobs.51job.com/all/co5001752.html,,,数据分析师（会简单Python）,05-25
262,上海,上海思华科技股份有限公司,https://jobs.51job.com/all/co4726946.html,,,云计算开发工程师(Python),05-25
263,北京,北京智辉空间科技有限责任公司,https://jobs.51job.com/all/co4684766.html,,,Python开发工程师,05-25
264,广州,广州市擎天柱网络科技有限公司,https://jobs.51job.com/all/co2637509.html,,,Python 开发工程师,05-25
265,广州,广州轩意网络科技有限公司,https://jobs.51job.com/all/co3091505.html,,,c++/java/golang/python服务端转erlang,05-25
266,武汉,武汉派生科技有限公司,https://jobs.51job.com/all/co2762707.html,,,Python开发工程师,05-25
267,广州,广州富融信息技术有限公司,https://jobs.51job.com/all/co4894533.html,,,Python系统架构师,05-25
268,上海,东吴在线（上海）金融信息服务有限公司,https://jobs.51job.com/all/co4016437.html,,,Python高级开发工程师,05-25
269,武汉,南京绛门信息科技股份有限公司,https://jobs.51job.com/all/co2747446.html,,,Python开发工程师,05-25
270,郑州,郑州信盈达电子有限公司,https://jobs.51job.com/all/co3592066.html,,,Python开发工程师,05-25
271,北京,北京华晨阳通信技术有限责任公司,https://jobs.51job.com/all/co3431158.html,,,Python开发工程师-北京,05-25
272,南京,中兴软创科技股份有限公司,https://jobs.51job.com/all/co283516.html,,,Python工程师,05-25
273,广州,天意有福科技股份有限公司,https://jobs.51job.com/all/co2042535.html,,,PHP/Python ERP软件开发工程师,05-25
274,深圳,深圳市安络科技有限公司,https://jobs.51job.com/all/co1599282.html,,,Python开发工程师,05-25
275,北京,深圳海油人力资源服务有限公司,https://jobs.51job.com/all/co3897822.html,,,Python开发工程师,05-25
276,异地招聘,深圳市天彦通信股份有限公司,https://jobs.51job.com/all/co2595101.html,,,Python开发工程师,05-25
277,郑州,河南海融教育科技有限公司,https://jobs.51job.com/all/co4832045.html,,,人工智能+Python讲师,05-25
278,武汉,武汉华大国家数字化学习工程技术有限公司,https://jobs.51job.com/all/co3459004.html,,,Python软件工程师,05-25
279,广州,广州机智云物联网科技有限公司,https://jobs.51job.com/all/co1989678.html,,,Python开发工程师,05-25
280,哈尔滨,北京欣如信科技有限公司哈尔滨分公司,https://jobs.51job.com/all/co4866061.html,,,Python开发学徒（可实习可带）+3600起薪,05-25
281,济南,北京华清远见科技发展有限公司济南分公司,https://jobs.51job.com/all/co4016829.html,,,急聘Python讲师,05-25
282,上海,上海华谊信息技术有限公司,https://jobs.51job.com/all/co2637214.html,,,技术顾问（Python）,05-25
283,荆州,武汉恒博软件技术有限公司,https://jobs.51job.com/all/co4597663.html,,,Python开发工程师+实习生（大数据方向）,05-25
284,成都,成都智库二八六一信息技术有限公司,https://jobs.51job.com/all/co4127244.html,,,python工程师,05-25
285,上海,百硕同兴科技（北京）有限公司,https://jobs.51job.com/all/co458955.html,,,Python开发工程师,05-25
286,广州,珠海金山软件股份有限公司,https://jobs.51job.com/all/co2189959.html,,,go/python服务端开发工程师(广州),05-25
287,南京,上海拓攻机器人有限公司,https://jobs.51job.com/all/co3662218.html,,,Python开发工程师,05-25
288,成都,成都万创科技有限责任公司,https://jobs.51job.com/all/co378011.html,,,高级软件工程师（Web MIS Python PHP）,05-25
289,上海,大连东软思维科技发展有限公司,https://jobs.51job.com/all/co3560056.html,,,Python高级开发工程师,05-25
290,成都,宜高美信息服务（成都）有限公司,https://jobs.51job.com/all/co2057806.html,,,自动化测试工程师-Python,05-25
291,成都,成都新大瀚人力资源管理有限公司,https://jobs.51job.com/all/co3551662.html,,,Python研发工程师,05-25
292,上海,上海傲梦网络科技有限公司,https://jobs.51job.com/all/co3218354.html,,,python课程设计,05-25
293,上海,上海基分文化传播有限公司,https://jobs.51job.com/all/co4823917.html,,,Python开发工程师,05-25
294,上海,上海墨d数码科技有限公司,https://jobs.51job.com/all/co3029138.html,,,测试开发工程师（C++/python）,05-25
295,北京,360金融,https://jobs.51job.com/all/co4049688.html,,,Python开发工程师,05-25
296,成都,成都南天佳信信息工程有限公司,https://jobs.51job.com/all/co2050315.html,,,软件工程师Python方向,05-25
297,北京,北京天行网安信息技术有限责任公司,https://jobs.51job.com/all/co214471.html,,,python开发工程师,05-25
298,杭州,上海易宝软件有限公司杭州分公司,https://jobs.51job.com/all/co3683092.html,,,Python开发工程师,05-25
299,北京,北京四维图新科技股份有限公司,https://jobs.51job.com/all/co298732.html,,,软件开发工程师(python/c++)-NDS,05-25
300,深圳,深圳市云趣网络科技股份有限公司,https://jobs.51job.com/all/co2186604.html,,,python后台开发工程师,05-25
301,北京,北京比特大陆科技有限公司,https://jobs.51job.com/all/co3801996.html,,,Python/Go开发工程师-北京-00395,05-25
302,成都,成都赫尔墨斯科技股份有限公司,https://jobs.51job.com/all/co3343473.html,,,Python工程师,05-25
303,重庆,重庆融特通信技术有限公司,https://jobs.51job.com/all/co1242214.html,,,python开发工程师,05-25
304,广州,广东紫晶信息存储技术股份有限公司,https://jobs.51job.com/all/co3576608.html,,,云平台 python 高级开发工程师,05-25
305,无锡,无锡威泰朗信息技术有限公司,https://jobs.51job.com/all/co4891400.html,,,Python开发工程师,05-25
306,北京,北京紫荆视通科技有限公司,https://jobs.51job.com/all/co4262580.html,,,高级python后台服务研发工程师,05-25
307,重庆,智石说（北京）科技有限公司,https://jobs.51job.com/all/co3587606.html,,,Python开发工程师,05-25
308,杭州,圆通速递有限公司,https://jobs.51job.com/all/co1985181.html,,,Python高级开发工程师,05-25
309,重庆,重庆讯云网络科技有限公司,https://jobs.51job.com/all/co3036161.html,,,python开发工程师（中级）,05-25
310,上海,上海复深蓝软件股份有限公司,https://jobs.51job.com/all/co102233.html,,,自动化测试工程师（Python 编号05）,05-25
311,上海,上海云角信息技术有限公司,https://jobs.51job.com/all/co2789303.html,,,Python高级开发工程师,05-25
312,上海,上海润迅商凯电话商务有限公司,https://jobs.51job.com/all/co2238986.html,,,Python开发工程师,05-25
313,北京,北京聚力维度科技有限公司,https://jobs.51job.com/all/co4140713.html,,,Python后端开发工程师,05-25
314,北京,北京麦达数字技术服务有限公司,https://jobs.51job.com/all/co4826503.html,,,Python开发工程师,05-25
315,上海,上海快屏网络科技有限公司,https://jobs.51job.com/all/co3354677.html,,,Python开发工程师,05-25
316,北京,北京星天下文化传播有限公司,https://jobs.51job.com/all/co4554431.html,,,Python后台开发工程师,05-25
317,异地招聘,恒宝股份有限公司,https://jobs.51job.com/all/co678138.html,,,软件开发工程师（Python）,05-25
318,广州,广州奇异果互动科技股份有限公司,https://jobs.51job.com/all/co3997006.html,,,Python开发工程师,05-25
319,南京,江苏普非信息科技有限公司,https://jobs.51job.com/all/co3738705.html,,,python 爬虫工程师（优秀应届生可培养）,05-25
320,上海,上海海量电子有限公司,https://jobs.51job.com/all/co2006297.html,,,python后端开发工程师,05-25
321,异地招聘,梦工场珠宝企业管理有限公司,https://jobs.51job.com/all/co5041848.html,,,Python高级工程师,05-25
322,广州,广州棒谷科技股份有限公司,https://jobs.51job.com/all/co2215795.html,,,Python工程师,05-25
323,福州,福州靠谱云科技有限公司,https://jobs.51job.com/all/co3495513.html,,,Python运维开发工程师,05-25
324,上海,上海擎云物联网股份有限公司,https://jobs.51job.com/all/co2661897.html,,,python开发工程师,05-25
325,苏州,布瑞克（苏州）农业信息科技有限公司,https://jobs.51job.com/all/co3670785.html,,,Python爬虫工程师,05-25
326,上海,上海伯俊软件科技有限公司,https://jobs.51job.com/all/co2109044.html,,,Python开发工程师,05-25
327,广州,广州佰聆数据股份有限公司,https://jobs.51job.com/all/co3803005.html,,,数据分析师（python）,05-25
328,杭州,杭州轻触科技有限公司,https://jobs.51job.com/all/co3793729.html,,,Python开发工程师,05-25
329,上海,上海物景智能科技有限公司,https://jobs.51job.com/all/co4325133.html,,,Web工程师（Python）,05-25
330,深圳,深圳市华创科新科技有限公司,https://jobs.51job.com/all/co3242854.html,,,Python开发工程师,05-25
331,上海,上海斐德通信科技有限公司,https://jobs.51job.com/all/co3883964.html,,,python工程师,05-25
332,武汉,武汉一起好金融信息服务股份有限公司,https://jobs.51job.com/all/co4450796.html,,,高级Python开发工程师,05-25
333,济南,郑州三友软件科技有限公司,https://jobs.51job.com/all/co2734615.html,,,Python开发工程师,05-25
334,深圳,深圳前海易交域科技有限公司,https://jobs.51job.com/all/co4519207.html,,,Python开发工程师,05-25
335,成都,成都优啦信息技术有限公司,https://jobs.51job.com/all/co4329594.html,,,Python开发工程师,05-25
336,上海,上海博为峰软件技术有限公司,https://jobs.51job.com/all/co3303374.html,,,Python开发工程师,05-25
337,上海,糖小护健康科技（上海）有限公司,https://jobs.51job.com/all/co3844430.html,,,Python高级开发工程师,05-25
338,上海,上海浦东软件园信息技术股份有限公司,https://jobs.51job.com/all/co1273067.html,,,初级Python后端工程师,05-25
339,重庆,重庆江小白酒业有限公司,https://jobs.51job.com/all/co4735994.html,,,数据挖掘工程师（python）,05-25
340,大连,大连中源卓志信息技术有限公司,https://jobs.51job.com/all/co4626771.html,,,Python工程师助理应届可实习周末双休五险一金,05-25
341,大连,广州碧软信息科技有限公司,https://jobs.51job.com/all/co2496014.html,,,python,05-25
342,长沙,湖南康通电子股份有限公司,https://jobs.51job.com/all/co3492907.html,,,Python开发工程师,05-25
343,郑州,郑州创恒实业有限公司,https://jobs.51job.com/all/co3605082.html,,,python开发工程师,05-25
344,上海,北京华数康数据科技有限公司,https://jobs.51job.com/all/co3602920.html,,,Python后端开发,05-25
345,长沙,长沙创华软件开发有限公司,https://jobs.51job.com/all/co2567681.html,,,Python开发工程师,05-25
346,昆明,昆明信息港传媒有限责任公司,https://jobs.51job.com/all/co2967292.html,,,Python高级开发工程师,05-25
347,深圳,软通动力信息技术（集团）有限公司,https://jobs.51job.com/all/co4965883.html,,,Python开发工程师,05-25
348,重庆,重庆满四山科技有限公司,https://jobs.51job.com/all/co3768870.html,,,Python开发工程师,05-25
349,上海,海银财富管理有限公司,https://jobs.51job.com/all/co4716479.html,,,Python Web开发工程师,05-25
350,异地招聘,酷宝信息技术（上海）有限公司,https://jobs.51job.com/all/co534300.html,,,Python开发工程师,05-25
351,武汉,武汉零号线科技有限公司,https://jobs.51job.com/all/co3540688.html,,,Python开发工程师,05-25
352,广州,广州小成信息科技有限公司,https://jobs.51job.com/all/co4763087.html,,,python开发工程师（双休+五险）,05-25
353,重庆,重庆维普资讯有限公司,https://jobs.51job.com/all/co391513.html,,,中级软件工程师(Python),05-25
354,上海,上海思贤信息技术股份有限公司,https://jobs.51job.com/all/co3308392.html,,,python 算法工程师,05-25
355,福州,长威信息科技发展股份有限公司,https://jobs.51job.com/all/co2704345.html,,,Python工程师,05-25
356,北京,云星数据（深圳）有限公司,https://jobs.51job.com/all/co4155291.html,,,Python系统开发工程师,05-25
357,上海,威廉欧奈尔信息科技（上海）有限公司,https://jobs.51job.com/all/co4000978.html,,,Python软件开发工程师,05-25
358,北京,北京传智播客教育科技有限公司,https://jobs.51job.com/all/co3014850.html,,,Python就业指导老师(J10736),05-25
359,深圳,传智播客教育集团深圳分校,https://jobs.51job.com/all/co3652435.html,,,Python就业指导专员,05-25
360,异地招聘,深圳市编玩边学教育科技有限公司,https://jobs.51job.com/all/co4783593.html,,,Python课程设计师,05-25
361,深圳,深圳光启空间技术有限公司,https://jobs.51job.com/all/co4893278.html,,,大数据Python工程师,05-25
362,北京,广州嘉为科技有限公司,https://jobs.51job.com/all/co2287694.html,,,Python开发工程师,05-25
363,上海,上海高重信息科技有限公司,https://jobs.51job.com/all/co3820000.html,,,python开发,05-25
364,北京,中国人民大学网络教育学院,https://jobs.51job.com/all/co210554.html,,,Python开发工程师,05-25
365,深圳,深圳市天方达健信科技股份有限公司,https://jobs.51job.com/all/co292891.html,,,Python工程师,05-25
366,上海,北京一天天教育科技有限公司,https://jobs.51job.com/all/co4832547.html,1500元/天,1500元/天,Python讲师（***）,05-25
367,北京,北京捷通华声科技股份有限公司,https://jobs.51job.com/all/co100758.html,,,软件测试工程师（C++、java、python）,05-25
368,哈尔滨,黑龙江中软国际信息技术有限公司,https://jobs.51job.com/all/co4946925.html,,,python讲师,05-25
369,苏州,苏州斯威高科信息技术有限公司,https://jobs.51job.com/all/co3131679.html,,,Python开发工程师,05-25
370,杭州,杭州联众医疗科技股份有限公司,https://jobs.51job.com/all/co2568680.html,,,Linux python开发运维,05-25
371,南通,南通成天软件科技有限公司,https://jobs.51job.com/all/co3317662.html,,,python爬虫开发工程师,05-25
372,上海,段马乐（上海）实业有限公司,https://jobs.51job.com/all/co3858090.html,,,Python开发工程师,05-25
373,大连,大连东软睿创科技发展有限公司,https://jobs.51job.com/all/co4570239.html,,,Python工程师助理(优秀应届毕业生),05-25
374,福州,北京新大陆时代教育科技有限公司,https://jobs.51job.com/all/co4228341.html,,,Python开发工程师,05-25
375,杭州,杭州盈丰软件股份有限公司,https://jobs.51job.com/all/co2717679.html,,,Python开发,05-25
376,南昌,江西省博汇九洲金融服务有限公司,https://jobs.51job.com/all/co3648465.html,,,Python开发工程师,05-25
377,南京,京信通信系统（中国）有限公司,https://jobs.51job.com/all/co1085248.html,,,Python开发工程师,05-25
378,苏州,苏州光格设备有限公司,https://jobs.51job.com/all/co2765066.html,,,Python开发工程师,05-25
379,杭州,浙江今明教育文化发展有限公司,https://jobs.51job.com/all/co2416433.html,,,Python开发工程师,05-25
380,长沙,湖南高阳通联信息技术有限公司,https://jobs.51job.com/all/co2297448.html,,,开发工程师（python方向）,05-25
381,南京,链英（南京）区块链科技有限公司,https://jobs.51job.com/all/co4926858.html,,,Python开发工程师,05-25
382,上海,迈智微电子（上海）有限公司（美资软件公司）,https://jobs.51job.com/all/co189922.html,,,Python高级开发工程师,05-25
383,大连,Capgemini Japan K. K.凯捷日本,https://jobs.51job.com/all/co4117296.html,,,python技术顾问/java技术顾问,05-25
384,济南,山东天易信息技术有限公司,https://jobs.51job.com/all/co3142088.html,,,Python开发工程师,05-25
385,北京,华信永益（北京）信息技术有限公司,https://jobs.51job.com/all/co3182167.html,,,java开发（会Python优先）,05-25
386,北京,北京华胜天成科技股份有限公司,https://jobs.51job.com/all/co1097.html,,,java或python开发工程师,05-25
387,上海,上海学伴软件有限公司,https://jobs.51job.com/all/co3523786.html,,,Python高级开发工程师,05-25
388,上海,上海新帆实业股份有限公司,https://jobs.51job.com/all/co2010399.html,,,Python开发工程师/服务器开发工程师,05-25
389,北京,Symbio,https://jobs.51job.com/all/co3832232.html,,,Python开发工程师(金融外派),05-25
390,深圳,傲讯全通科技（深圳）有限公司,https://jobs.51job.com/all/co3236423.html,,,高级软件工程师(Python),05-25
391,北京,国和瑞斯（北京）科技有限公司,https://jobs.51job.com/all/co3783901.html,,,python工程师,05-25
392,深圳,深圳市木浪云数据有限公司,https://jobs.51job.com/all/co5035294.html,,,Python开发工程师,05-24
393,深圳,深圳市爱致科技有限公司,https://jobs.51job.com/all/co3393429.html,,,python/lua开发,05-24
394,北京,江森自控（中国）投资有限公司,https://jobs.51job.com/all/co232254.html,,,Python开发工程师(面向2018届毕业生),05-24
395,上海,黑龙江惠达科技发展有限公司,https://jobs.51job.com/all/co4574507.html,,,Python 开发工程师,05-24
396,北京,北京思睿网信科技有限公司,https://jobs.51job.com/all/co3591316.html,,,python架构师,05-24
397,广州,赛业（广州）生物科技有限公司,https://jobs.51job.com/all/co2114891.html,,,Python爬虫工程师,05-24
398,昆山,昆山炫生活信息技术股份有限公司,https://jobs.51job.com/all/co3865182.html,,,高级python开发工程师,05-24
399,上海,上海坤亿信息技术有限公司,https://jobs.51job.com/all/co2513182.html,,,Python高级开发工程师,05-24
400,南京,南京润趣网络科技有限公司,https://jobs.51job.com/all/co5011771.html,,,赴日开发工程师（Java .net 前端 python C++ COBOL）,05-24
401,北京,北京中公教育科技股份有限公司,https://jobs.51job.com/all/co3862127.html,,,Python培训讲师,05-24
402,上海,厦门宽投信息科技有限公司,https://jobs.51job.com/all/co4058387.html,,,高级Python金融开发工程师,05-24
403,成都,北京深蓝海域信息科技有限公司,https://jobs.51job.com/all/co2526288.html,,,Python工程师,05-24
404,无锡,无锡核心信息科技有限公司,https://jobs.51job.com/all/co5038416.html,,,Python技术工程师,05-24
405,北京,拓天伟业（北京）金融信息服务有限公司,https://jobs.51job.com/all/co5026534.html,,,python后端开发工程师,05-24
406,长沙,长沙北斗产业安全技术研究院有限公司,https://jobs.51job.com/all/co4848406.html,,,Python开发工程师,05-24
407,南京,南京云信达科技有限公司,https://jobs.51job.com/all/co4082341.html,,,Python高级开发工程师,05-24
408,异地招聘,重庆达内特睿纳软件有限公司,https://jobs.51job.com/all/co4760455.html,,,Python带班老师,05-24
409,武汉,深圳市蓝泰源信息技术股份有限公司,https://jobs.51job.com/all/co1326355.html,,,Python开发工程师,05-24
410,福州,福州东西电子商务有限公司,https://jobs.51job.com/all/co3676032.html,,,python后端工程师,05-24
411,金华,金华阿帕奇信息技术有限公司,https://jobs.51job.com/all/co3357182.html,,,Python工程师,05-24
412,北京,沈阳民航东北凯亚有限公司大连分公司,https://jobs.51job.com/all/co2619015.html,,,Python软件工程师,05-24
413,北京,北京江民新科技术有限公司,https://jobs.51job.com/all/co160050.html,,,Python后端研发工程师,05-24
414,上海,中国太平洋保险（集团）股份有限公司,https://jobs.51job.com/all/co2600881.html,,,Python/Go开发工程师（自动化运维方向）,05-24
415,珠海,珠海永亚软件有限公司,https://jobs.51job.com/all/co2196839.html,,,Python中级开发工程师,05-24
416,大连,大连东软睿创科技发展有限公司,https://jobs.51job.com/all/co4570236.html,,,初级Python工程师助理,05-24
417,上海,有因信息科技（上海）有限公司,https://jobs.51job.com/all/co4838961.html,,,高级Python开发工程师,05-24
418,长沙,长沙千视电子科技有限公司,https://jobs.51job.com/all/co3013500.html,,,Python/Lua软件开发工程师,05-24
419,上海,上海互教教育科技有限公司,https://jobs.51job.com/all/co4115209.html,,,Python高级开发工程师,05-24
420,上海,领翌（上海）科技有限公司,https://jobs.51job.com/all/co3920960.html,,,Python课程开发/ 授课,05-24
421,成都,成都易慧家科技有限公司,https://jobs.51job.com/all/co4943305.html,,,Python开发工程师,05-24
422,重庆,重庆盖茨知识产权代理有限公司,https://jobs.51job.com/all/co4981743.html,,,Python开发工程师,05-24
423,南京,南京富士通南大软件技术有限公司,https://jobs.51job.com/all/co765678.html,,,Python开发工程师,05-24
424,杭州,杭州博尊信息技术有限公司,https://jobs.51job.com/all/co4803755.html,,,Python开发工程师,05-24
425,上海,中腾信金融信息服务（上海）有限公司,https://jobs.51job.com/all/co3285212.html,,,Python开发工程师,05-24
426,上海,上海浦东软件园汇智软件发展有限公司,https://jobs.51job.com/all/co887756.html,,,Python工程师,05-24
427,上海,上海吾创信息科技有限公司,https://jobs.51job.com/all/co2998796.html,,,Python测试工程师,05-24
428,上海,NTT DATA（中国）有限公司,https://jobs.51job.com/all/co263028.html,,,Python Developer,05-24
429,西安,陕西巨子生物技术有限公司,https://jobs.51job.com/all/co3569924.html,,,Python/Golang高级开发工程师,05-24
430,北京,北京中创信测科技股份有限公司,https://jobs.51job.com/all/co3496121.html,,,业务平台开发（CC++/python）,05-24
431,北京,北京彩云环太平洋科技有限公司,https://jobs.51job.com/all/co4904744.html,,,Python 工程师,05-24
432,杭州,杭州小币哥科技有限公司,https://jobs.51job.com/all/co5024485.html,,,爬虫开发工程师Python java,05-24
433,昆明,昆明微想智森科技股份有限公司,https://jobs.51job.com/all/co2378328.html,,,Web后端开发工程师（PHP或Python程序员）,05-24
434,北京,普天信息技术有限公司,https://jobs.51job.com/all/co112479.html,,,Python开发工程师,05-24
435,上海,上海勃池信息技术有限公司,https://jobs.51job.com/all/co4441581.html,,,爬虫工程师(Java/Python),05-24
436,北京,北京思特奇信息技术股份有限公司,https://jobs.51job.com/all/co114705.html,,,云方向业务部门_Python开发工程师,05-24
437,上海,雷技信息科技（上海）有限公司,https://jobs.51job.com/all/co1026996.html,,,Python开发工程师（参与公司内部开发或外派外企开发）,05-24
438,深圳,富士康科技集团New PCEBG事业群,https://jobs.51job.com/all/co3408113.html,,,Python应用开发工程师,05-24
439,南京,南京爱唯光石信息技术有限公司,https://jobs.51job.com/all/co4698505.html,,,Python高级开发工程师,05-24
440,苏州,苏州玩友时代科技股份有限公司,https://jobs.51job.com/all/co2662009.html,,,Python开发工程师,05-24
441,杭州,杭州大搜车汽车服务有限公司,https://jobs.51job.com/all/co3298375.html,,,Python研发工程师（数据平台）,05-24
442,上海,上海骞云信息科技有限公司,https://jobs.51job.com/all/co4020466.html,,,Python开发,05-24
443,成都,成都捷云智慧科技有限公司,https://jobs.51job.com/all/co4758070.html,,,Python开发工程师,05-24
444,成都,成都市米彩科技有限公司,https://jobs.51job.com/all/co4287481.html,,,Python讲师,05-24
445,西安,上海指旺信息科技有限公司西安分公司,https://jobs.51job.com/all/co4349686.html,,,Python开发工程师,05-24
446,成都,广州鼎甲计算机科技有限公司,https://jobs.51job.com/all/co2254433.html,,,Python开发工程师,05-24
447,福州,福州计信科技有限公司,https://jobs.51job.com/all/co3988663.html,,,Python 高级工程师,05-24
448,北京,国广东方网络（北京）有限公司,https://jobs.51job.com/all/co1994981.html,,,python开发工程师,05-24
449,上海,平纳科（上海）信息咨询有限公司,https://jobs.51job.com/all/co721792.html,,,Senior Python Developer,05-24
450,深圳,深圳市有限元科技有限公司,https://jobs.51job.com/all/co3417591.html,,,Python软件开发工程师,05-24
451,上海,上海中期期货股份有限公司,https://jobs.51job.com/all/co2117988.html,,,Python开发工程师（技术创新部）,05-24
452,上海,上海钱坤在线信息咨询有限公司,https://jobs.51job.com/all/co3814402.html,,,python数据工程师,05-24
453,上海,爱回收,https://jobs.51job.com/all/co2515005.html,,,Python开发工程师,05-23
454,深圳,深圳市埃提思科技开发有限公司,https://jobs.51job.com/all/co3844441.html,,,Python后台高级开发经理,05-23
455,长沙,长沙湘麓驾驶员培训有限公司,https://jobs.51job.com/all/co3177040.html,,,Python后端开发工程师,05-23
456,成都,成都世纪云创科技有限公司,https://jobs.51job.com/all/co3913622.html,,,Python讲师,05-23
457,上海,上海亿保网络技术有限公司,https://jobs.51job.com/all/co2966901.html,,,Python 高级开发工程师,05-23
458,无锡,无锡诺威拓信息技术有限公司,https://jobs.51job.com/all/co4891108.html,,,Python开发工程师,05-23
459,上海,上海闻曦信息科技有限公司,https://jobs.51job.com/all/co3675340.html,,,AI上Python主讲老师,05-23
460,成都,四川智信九鼎科学技术评估有限公司,https://jobs.51job.com/all/co5025877.html,,,Python数据工程师,05-23
461,成都,网信集团有限公司,https://jobs.51job.com/all/co3848605.html,,,Python高级开发工程师,05-23
462,绍兴,绍兴俊睿云计算有限公司,https://jobs.51job.com/all/co4978053.html,,,Python研发工程师,05-23
463,上海,孤岛（上海）软件有限公司,https://jobs.51job.com/all/co2693495.html,,,erlang/python服务器开发工程师,05-23
464,西安,北京优诺信创科技有限公司,https://jobs.51job.com/all/co2499068.html,,,Python高级软件工程师,05-23
465,西安,西安晨之星信息科技有限责任公司,https://jobs.51job.com/all/co4934656.html,,,python 全栈开发工程师,05-23
466,北京,上海闪招信息技术有限公司,https://jobs.51job.com/all/co3787300.html,,,Python开发工程师,05-23
467,济南,广州旭升源科技有限公司,https://jobs.51job.com/all/co3823707.html,,,Python开发工程师,05-23
468,武汉,湖北航天信息技术有限公司,https://jobs.51job.com/all/co2737487.html,,,Python开发工程师,05-23
469,深圳,深圳市中源航空服务有限公司,https://jobs.51job.com/all/co2972316.html,,,Python工程师  爬虫  五险一金 包住 双休,05-23
470,上海,上海数据交易中心有限公司,https://jobs.51job.com/all/co3913420.html,,,Python开发工程师,05-23
471,南通,VeryCloud,https://jobs.51job.com/all/co2914973.html,,,Python高级研发工程师,05-23
472,北京,北京搜狗科技发展有限公司,https://jobs.51job.com/all/co3893593.html,,,技术工程部-python开发工程师-北京-02155,05-23
473,北京,会找房（北京）网络技术有限公司,https://jobs.51job.com/all/co4454650.html,,,Python开发工程师,05-23
474,西安,新蛋信息技术（西安）有限公司,https://jobs.51job.com/all/co2077873.html,,,Python 开发工程师,05-23
475,无锡,浙江九州云信息科技有限公司,https://jobs.51job.com/all/co4862426.html,,,Python开发工程师,05-23
476,杭州,杭州复杂美科技有限公司,https://jobs.51job.com/all/co2167469.html,,,区块链技术开发工程师（go-c++-Python ）,05-23
477,合肥,安徽国泰安教育科技有限公司,https://jobs.51job.com/all/co3975238.html,,,python开发工程师,05-23
478,深圳,深圳市尚锐科技有限公司,https://jobs.51job.com/all/co3153988.html,,,python 工程师-大数据方向,05-23
479,广州,广州无卡数据技术股份有限公司,https://jobs.51job.com/all/co4833603.html,,,Python开发工程师,05-23
480,台州,台州汇聚信息科技有限公司,https://jobs.51job.com/all/co4564414.html,,,python后端工程师,05-23
481,南京,南京熙泰信息技术有限公司,https://jobs.51job.com/all/co3646335.html,,,云计算工程师（Python）,05-23
482,昆明,律品汇科技（北京）有限公司,https://jobs.51job.com/all/co4920645.html,,,Python开发工程师,05-23
483,沈阳,百度沈阳地区营销服务中心,https://jobs.51job.com/all/co2210635.html,,,软件开发工程师――python/java方向,05-23
484,深圳,深圳市创业二路科技有限公司,https://jobs.51job.com/all/co4911546.html,,,python讲师,05-23
485,上海,再惠（上海）网络科技有限公司,https://jobs.51job.com/all/co4090257.html,,,python后端开发工程师,05-22
486,上海,怡安翰威特咨询（上海）有限公司,https://jobs.51job.com/all/co147808.html,,,Web 开发工程师 - Python,05-22
487,上海,上海滋己信息科技有限公司,https://jobs.51job.com/all/co4757499.html,,,Python开发工程师,05-22
488,成都,合创新业（北京）科技服务有限公司,https://jobs.51job.com/all/co3658830.html,,,python研发工程师（小帮如鱼）,05-22
489,上海,上海葵观信息技术有限公司,https://jobs.51job.com/all/co3996658.html,,,python爬虫工程师,05-22
490,长沙,湖南大唐先一科技有限公司,https://jobs.51job.com/all/co2784019.html,,,python程序员（监控软件部）,05-22
491,哈尔滨,哈尔滨赛奥科技发展有限公司,https://jobs.51job.com/all/co2470983.html,,,服务器后端开发（C++、Python）,05-22
492,南昌,北京泰豪智能工程有限公司,https://jobs.51job.com/all/co3693949.html,,,Python研发工程师,05-22
493,厦门,金诚集团,https://jobs.51job.com/all/co2552125.html,,,Python开发工程师,05-22
494,成都,四川君诚互动科技有限公司,https://jobs.51job.com/all/co4448142.html,,,数据python工程师,05-22
495,成都,成都锦月健康咨询有限责任公司,https://jobs.51job.com/all/co3458646.html,,,Python后端开发实习生,05-22
496,上海,新思科技（上海）Synopsys,https://jobs.51job.com/all/co142732.html,,,"Software Engineer_Python/C,C++/EDA",05-22
497,深圳,深圳众禄基金销售股份有限公司,https://jobs.51job.com/all/co2004356.html,,,Python开发工程师,05-22
498,成都,聚美优品,https://jobs.51job.com/all/co2883602.html,,,Python开发工程师,05-22
499,上海,无锡华云数据技术服务有限公司,https://jobs.51job.com/all/co3472105.html,,,00518-32-高级Python开发工程师,05-22
500,昆明,昆明花易宝科技有限公司,https://jobs.51job.com/all/co4781132.html,,,Python开发工程师,05-22
501,北京,北京松果天目健康管理有限公司,https://jobs.51job.com/all/co5002272.html,,,Python开发工程师,05-22
502,苏州,中锐教育集团,https://jobs.51job.com/all/co2197078.html,,,后台开发工程师(PHP/Python),05-22
503,杭州,恒生电子股份有限公司,http://hundsun.51job.com,,,python/C++高级开发工程师-杭州（恒生研究院）,05-22
504,深圳,深圳市匡曲科技有限公司,https://jobs.51job.com/all/co4924622.html,,,python量化交易开发工程师,05-21
505,深圳,深圳丝路天地电子商务有限公司,https://jobs.51job.com/all/co4464620.html,,,Python开发工程师,05-21
506,杭州,北京金道天成信息系统服务有限公司,https://jobs.51job.com/all/co219871.html,,,云计算Python运维开发,05-21
507,长沙,深信服科技股份有限公司,https://jobs.51job.com/all/co369401.html,,,Python开发工程师,05-21
508,异地招聘,希捷国际科技（无锡）有限公司,https://jobs.51job.com/all/co1125360.html,,,软件工程师 （python或C++）,05-21
509,成都,杭州安恒信息技术有限公司,https://jobs.51job.com/all/co1992487.html,,,python工程师（成都）,05-21
510,深圳,深圳市街角电子商务有限公司,https://jobs.51job.com/all/co4769439.html,,,Python开发工程师,05-21
511,深圳,深圳市星河互动科技有限公司,https://jobs.51job.com/all/co3319638.html,,,Python后端开发工程师,05-21
512,深圳,深圳市创世纪科技发展有限公司,https://jobs.51job.com/all/co2255025.html,,,Python中级开发工程师,05-21
513,苏州,苏州正载信息技术有限公司,https://jobs.51job.com/all/co3264450.html,,,后台(python)开发工程师,05-21
514,北京,南京拾柴信息科技有限公司,https://jobs.51job.com/all/co3972282.html,,,Java/Python软件工程师.,05-21
515,苏州,图玛深维医疗科技（北京）有限公司,https://jobs.51job.com/all/co4107761.html,,,Python开发工程师,05-20
516,武汉,华大基因,https://jobs.51job.com/all/co201082.html,,,Python开发工程师,05-20
517,北京,北京数盾信息科技有限公司,https://jobs.51job.com/all/co4528481.html,,,Python后端开发,05-20
518,北京,北京麦圃国际咨询顾问有限公司,https://jobs.51job.com/all/co2622869.html,,,中级程序员（Python）,05-20
519,成都,万科产业城镇(中西部）有限公司,https://jobs.51job.com/all/co4494834.html,,,python爬虫工程师,05-19
520,青岛,青岛东邻虎网络科技有限公司,https://jobs.51job.com/all/co5001916.html,,,python数据开发+五险,05-19
521,北京,北京大道合创科技有限责任公司,https://jobs.51job.com/all/co4084830.html,,,Python开发工程师,05-19
522,深圳,深圳安巽科技有限公司,https://jobs.51job.com/all/co4314704.html,,,应用程序开发工程师（.NET、Python+安全开发大牛),05-19
523,异地招聘,西安奥卡云数据科技有限公司,https://jobs.51job.com/all/co4833347.html,,,Python工程师,05-18
524,武汉,武汉全品教育科技有限公司,https://jobs.51job.com/all/co4845807.html,,,Python开发工程师（智慧教育中心）,05-18
525,深圳,深圳市斯凯荣科技有限公司,https://jobs.51job.com/all/co2705881.html,,,Python开发工程师,05-18
526,深圳,深圳电竞风暴科技有限公司,https://jobs.51job.com/all/co4737300.html,,,python爬虫开发工程师,05-18
527,南京,南京英莫特信息科技有限公司,https://jobs.51job.com/all/co3774559.html,,,Python后端开发工程师,05-18
528,上海,上海润和信息技术服务有限公司,https://jobs.51job.com/all/co3370095.html,,,Python开发工程师,05-18
529,武汉,湖北九同方微电子有限公司,https://jobs.51job.com/all/co2856719.html,,,Python高级应用工程师,05-18
530,上海,上海墨桐花开教育科技有限公司,https://jobs.51job.com/all/co3556037.html,,,Python讲师,05-18
531,宁波,宁波高新区甬港现代创业服务有限公司,https://jobs.51job.com/all/co2917802.html,,,Python开发工程师,05-18
532,北京,北京韬睿智能科技有限公司,https://jobs.51job.com/all/co4958000.html,,,Python开发工程师,05-18
533,上海,上海贝速贸易有限公司,https://jobs.51job.com/all/co3091270.html,,,Python开发工程师,05-18
534,广州,广东优德科技有限公司,https://jobs.51job.com/all/co4865720.html,,,Python工程师,05-17
535,上海,中金财（北京）金融服务外包有限公司,https://jobs.51job.com/all/co4612935.html,,,Python开发工程师,05-17
536,温州,温州讯驰通科技有限公司,https://jobs.51job.com/all/co2821443.html,,,Python工程师,05-17
537,深圳,深圳证券通信有限公司,https://jobs.51job.com/all/co523201.html,,,高级开发工程师（C++或Python）,05-17
538,广州,广州名城建筑设计院有限公司,https://jobs.51job.com/all/co3932168.html,,,Python工程师,05-17
539,上海,泰豪迈能,https://jobs.51job.com/all/co4688590.html,,,Python开发工程师,05-17
540,上海,上海岂安信息科技有限公司,https://jobs.51job.com/all/co3752917.html,,,Python研发工程师,05-17
541,杭州,杭州筑龙信息技术股份有限公司,https://jobs.51job.com/all/co2188144.html,,,Python开发工程师,05-17
542,无锡,恩梯梯数据（中国）信息技术有限公司,https://jobs.51job.com/all/co3552301.html,,,Python开发工程师,05-17
543,上海,上海云拿智能科技有限公司,https://jobs.51job.com/all/co4782934.html,,,Python开发工程师,05-17
544,上海,上海汉图科技有限公司,https://jobs.51job.com/all/co4318047.html,,,Python开发,05-17
545,西安,西安飞凡网络技术咨询有限公司,https://jobs.51job.com/all/co3408403.html,,,python讲师,05-16
546,深圳,深圳拓邦股份有限公司,https://jobs.51job.com/all/co926062.html,,,Python开发工程师,05-16
547,广州,上海添昌信息科技有限公司,https://jobs.51job.com/all/co4532774.html,,,python服务器端开发工程师,05-16
548,上海,海风教育-K12 在线一对一,https://jobs.51job.com/all/co3003570.html,,,Python高级开发工程师,05-16
549,北京,北京雷石公司,https://jobs.51job.com/all/co3798612.html,,,Python工程师,05-16
550,厦门,厦门蓝斯通信股份有限公司,https://jobs.51job.com/all/co3812308.html,,,python工程师（自动化测试方向）,05-16
551,深圳,马丁（深圳）高新科技有限公司,https://jobs.51job.com/all/co4187710.html,,,游戏服务端Python开发工程师,05-15
552,成都,成都微银合创科技有限公司,https://jobs.51job.com/all/co3671852.html,,,Python开发工程师,05-15
553,上海,霍尔果斯旗发信息技术有限公司上海分公司,https://jobs.51job.com/all/co3971441.html,,,Python爬虫开发工程师,05-15
554,上海,上海瑞和财务管理有限公司,https://jobs.51job.com/all/co2364226.html,,,Python开发工程师,05-15
555,北京,高济医药有限公司,https://jobs.51job.com/all/co4746738.html,,,Python高级开发工程师,05-15
556,合肥,达内软件技术（杭州）有限公司,https://jobs.51job.com/all/co4767789.html,,,Python项目经理（Python软件开发工程师）,05-15
557,上海,上海集岳建筑工程技术有限公司,https://jobs.51job.com/all/co3155329.html,,,Python开发工程师,05-14
558,杭州,深圳谱元科技有限公司,https://jobs.51job.com/all/co3824659.html,,,Python开发工程师,05-14
559,承德,承德宽广超市集团有限公司,https://jobs.51job.com/all/co2869759.html,,,Python（或Go）高级开发工程师,05-14
560,深圳,阿斯麦-中国,https://jobs.51job.com/all/co2469759.html,,,C++/Python后台软件开发高级工程师,05-14
561,无锡,无锡广华科技有限公司,https://jobs.51job.com/all/co2676469.html,,,Python开发工程师,05-14
562,成都,北京易讯理想科技有限公司,https://jobs.51job.com/all/co3885005.html,,,Python开发工程师,05-14
563,深圳,同方鼎欣科技股份有限公司,https://jobs.51job.com/all/co166902.html,,,python（大数据 shell） Y,05-14
564,成都,四川海德智和科技有限公司,https://jobs.51job.com/all/co4712421.html,,,Python开发工程师,05-14
565,大连,亿达信息技术有限公司,https://jobs.51job.com/all/co1465520.html,,,Python开发工程师,05-09
566,武汉,武汉千途创造软件开发有限公司,https://jobs.51job.com/all/co4197641.html,,,Java/Python 爬虫工程师（可助理）,05-08
567,上海,深圳市博奥特科技有限公司,https://jobs.51job.com/all/co2963738.html,,,Python开发工程师,05-08
568,北京,北京傲盾软件有限责任公司,https://jobs.51job.com/all/co1339312.html,,,Python/Golang/Linux C/中高级研发工程师,05-08
569,杭州,浙江执御信息技术有限公司,https://jobs.51job.com/all/co2919332.html,,,Python开发工程师,05-08
570,异地招聘,浙江找饭金融信息服务有限公司,https://jobs.51job.com/all/co3844864.html,,,Python/Django开发工程师,05-08
571,武汉,武汉力美天下体育文化产业有限公司,https://jobs.51job.com/all/co4576548.html,,,Python高级开发工程师,05-08
572,上海,上海辰钰财富投资管理有限公司,https://jobs.51job.com/all/co3509496.html,,,Python 后端开发,05-08
573,深圳,深圳米佳乐文化传媒有限公司,https://jobs.51job.com/all/co4169657.html,,,Python/C++金融软件开发工程师,05-07
574,北京,禾中产品销售有限公司,https://jobs.51job.com/all/co4578193.html,,,Python工程师,05-07
575,北京,北京TMO管理咨询有限公司,https://jobs.51job.com/all/co3681074.html,,,Python开发工程师,05-07
576,上海,上海华竖企业管理有限公司,https://jobs.51job.com/all/co3692953.html,,,Python开发工程师,05-07
577,南京,趋势科技（中国）有限公司,https://jobs.51job.com/all/co2352966.html,,,资深软件开发工程师Go/Python/Java,05-07
578,北京,北京红果科技有限公司,https://jobs.51job.com/all/co4850866.html,,,Python,05-07
579,昆明,昆明择新网络科技有限公司,https://jobs.51job.com/all/co4983472.html,,,Python开发工程师,05-06
580,北京,北京华路时代信息技术股份有限公司,https://jobs.51job.com/all/co4023240.html,,,Python中高级工程师 (360L),05-06
581,北京,北京东方红海科技发展有限公司,https://jobs.51job.com/all/co2534902.html,,,python平台开发工程师,05-06
582,北京,北京神黄科技股份有限公司,https://jobs.51job.com/all/co3921006.html,,,Python开发工程师,05-06
583,上海,韦莱韬悦,https://jobs.51job.com/all/co2634635.html,,,Python工程师,05-04
584,广州,广州聪明云软件科技有限公司,https://jobs.51job.com/all/co3620017.html,,,python开发工程（高级）,05-04
585,深圳,深圳前海帕拓逊网络技术有限公司,https://jobs.51job.com/all/co3647587.html,,,Python开发工程师,05-04
586,长沙,成都延信科技有限公司,https://jobs.51job.com/all/co4700004.html,,,Python开发工程师,05-03
587,北京,北京量子金服网络科技有限公司,https://jobs.51job.com/all/co3682560.html,,,Python开发工程师,05-03
588,重庆,重庆格泰尚恒网络科技有限公司,https://jobs.51job.com/all/co4269834.html,,,Python开发工程师,05-03
589,苏州,中移（苏州）软件技术有限公司,https://jobs.51job.com/all/co3269363.html,,,Python开发工程师,05-02
590,合肥,安徽凌讯网络有限公司,https://jobs.51job.com/all/co4487231.html,,,Python开发工程师,05-02
591,深圳,亚联财信息咨询（深圳）有限公司,https://jobs.51job.com/all/co3368284.html,,,python工程师,05-02
592,深圳,前海泰坦科技（深圳）有限公司,https://jobs.51job.com/all/co3981442.html,,,python后台开发,05-02
593,杭州,超触觉（杭州）科技有限公司,https://jobs.51job.com/all/co4658263.html,,,Python开发工程师,05-02
594,上海,造源信息科技（上海）有限公司,https://jobs.51job.com/all/co2717623.html,,,Python开发工程师（Odoo）,05-01
595,苏州,苏州有推信息科技有限公司,https://jobs.51job.com/all/co4089244.html,,,Python高级工程师（爬虫）,05-01
596,异地招聘,北京知道创宇信息技术有限公司,https://jobs.51job.com/all/co3148100.html,,,python研发工程师,04-30
597,深圳,深圳市乔安科技有限公司,https://jobs.51job.com/all/co3078663.html,,,后端python工程师,04-30
598,上海,上海智和信息技术有限公司,https://jobs.51job.com/all/co2377783.html,,,python开发工程师,04-30
599,武汉,深圳微品致远信息科技有限公司,https://jobs.51job.com/all/co3979021.html,,,Python开发工程师,04-29
600,南京,江苏友趣网络科技有限公司,https://jobs.51job.com/all/co3966682.html,,,Python开发工程师,04-28
601,武汉,武汉天宸信息技术有限公司,https://jobs.51job.com/all/co2916799.html,,,Python开发,04-28
602,杭州,浙江杭实善成实业有限公司,https://jobs.51job.com/all/co4739567.html,,,Python开发工程师(量化方向，可接受实习生),04-28
603,西安,西安优逸客网络科技有限公司,https://jobs.51job.com/all/co4598369.html,,,Python开发工程师,04-27
604,武汉,上海测吧信息技术有限公司,https://jobs.51job.com/all/co4902167.html,,,Python高级开发工程师,04-27
605,南京,南京昊亦源信息科技有限公司,https://jobs.51job.com/all/co3967056.html,,,Python开发工程师,04-27
606,长沙,长沙聚簇云网络科技有限公司,https://jobs.51job.com/all/co3734448.html,,,Python开发工程师,04-27
607,北京,北京火星盒子科技有限公司,https://jobs.51job.com/all/co4852564.html,,,Python开发工程师,04-26
608,上海,上海进馨网络科技有限公司（纳米盒）,https://jobs.51job.com/all/co3680889.html,,,Python开发工程师,04-25
609,长沙,湖南中名网络科技有限公司,https://jobs.51job.com/all/co4984595.html,,,Python开发工程师,04-25
610,深圳,图麟信息科技（上海）有限公司,https://jobs.51job.com/all/co3981276.html,,,Python Web开发工程师,04-25
611,哈尔滨,深圳市联晖德科技有限公司,https://jobs.51job.com/all/co4401491.html,,,python /爬虫工程师,04-25
612,深圳,深圳市大疆创新科技有限公司,https://jobs.51job.com/all/co1923287.html,,,Python软件工程师,04-24
613,西安,摩石环球科技有限公司,https://jobs.51job.com/all/co4654506.html,,,Python开发工程师,04-24
614,深圳,深圳市百迅科技有限公司,https://jobs.51job.com/all/co4106981.html,,,Python开发工程师,04-24
615,北京,企鹅创新（北京）科技有限公司,https://jobs.51job.com/all/co4996893.html,,,Python工程师,04-24
616,上海,上海汇正财经顾问有限公司,https://jobs.51job.com/all/co4139821.html,,,Python开发工程师,04-24
617,南宁,柳州市四海科技有限公司,https://jobs.51job.com/all/co4553337.html,,,Python开发工程师,04-23
618,杭州,杭州砺石信息科技有限公司,https://jobs.51job.com/all/co4801897.html,,,Python开发工程师（Odoo）,04-23
619,杭州,杭州海康威视数字技术股份有限公司,https://jobs.51job.com/all/co2546282.html,,,YF-Python开发方向工程师-01,04-23
620,深圳,深圳市誉托科技有限公司,https://jobs.51job.com/all/co3935089.html,,,Python开发工程师,04-23
621,北京,漫动互通网络科技（北京）有限公司,https://jobs.51job.com/all/co4979586.html,,,Python开发工程师,04-23
622,西安,西安鼎拓信息科技有限公司,https://jobs.51job.com/all/co4987105.html,,,Python开发工程师,04-22
623,北京,17173,https://jobs.51job.com/all/co2786470.html,,,Python开发工程师(006389),04-21
624,上海,携程旅行网IT技术区,https://jobs.51job.com/all/co2655582.html,,,全栈工程师（Python&前端）,04-20
625,北京,北京思普科软件股份有限公司,https://jobs.51job.com/all/co105996.html,,,python开发工程师,04-20
626,成都,湖南潭州教育网络科技有限公司,https://jobs.51job.com/all/co3678935.html,,,Python电话销售,04-20
627,北京,北京中科建友科技股份有限公司,https://jobs.51job.com/all/co2338046.html,,,中级python研发工程师_zml,04-20
628,天津,天津行方资产管理有限公司,https://jobs.51job.com/all/co4109101.html,,,Python数据分析师,04-20
629,广州,广东中城建设集团有限公司,https://jobs.51job.com/all/co154110.html,,,Python后端工程师,04-20
630,杭州,杭州炼数科技有限公司,https://jobs.51job.com/all/co4867493.html,,,Python开发工程师,04-19
631,广州,畅想互娱（北京）科技有限公司,https://jobs.51job.com/all/co3923665.html,,,Python开发工程师,04-19
632,武汉,武汉北蚁网络科技有限公司,https://jobs.51job.com/all/co3866331.html,,,Python运维开发工程师,04-18
633,北京,小小黛朵（北京）科技有限公司,https://jobs.51job.com/all/co3391449.html,,,Python中级工程师,04-17
634,上海,上海博煊资产管理有限公司,https://jobs.51job.com/all/co3532941.html,,,Python/Web开发工程师,04-17
635,异地招聘,大连融众科技有限公司,https://jobs.51job.com/all/co4869564.html,,,Python开发工程师,04-17
636,长沙,深圳蜗牛运动科技有限公司,https://jobs.51job.com/all/co4747098.html,,,Python 开发工程师,04-17
637,芜湖,安徽人本文化科技有限公司,https://jobs.51job.com/all/co3702832.html,,,Python工程师,04-17
638,北京,北京阳光伟烨网络技术有限公司,https://jobs.51job.com/all/co3369920.html,,,Python后端开发工程师,04-16
639,成都,四川今日生活科技有限公司,https://jobs.51job.com/all/co4791279.html,,,Python高级开发工程师,04-16
640,深圳,深圳鑫科国际商业保理有限公司,https://jobs.51job.com/all/co4174449.html,,,Python开发工程师,04-16
641,南京,纬创软件（北京）有限公司,https://jobs.51job.com/all/co467536.html,,,大数据开发工程师（python+大数据）,04-16
642,天津,天津盛创科技发展有限公司,https://jobs.51job.com/all/co4407633.html,,,PYTHON工程师,04-15
643,南京,传智播客教育集团南京分校,https://jobs.51job.com/all/co3843111.html,,,python导师J10362,04-13
644,北京,北京嘉楠捷思信息技术有限公司,https://jobs.51job.com/all/co4379360.html,,,Python高级开发工程师,04-13
645,成都,成都埃克森尔科技有限公司,https://jobs.51job.com/all/co3457660.html,,,Python developer,04-12
646,上海,上海合合信息科技发展有限公司,https://jobs.51job.com/all/co2734585.html,,,python开发工程师,04-12
647,重庆,重庆光电信息研究院有限公司,https://jobs.51job.com/all/co4537698.html,,,Python工程师,04-11
648,厦门,厦门中控智慧信息技术有限公司,https://jobs.51job.com/all/co4788191.html,,,Python开发工程师,04-10
649,大连,溪蔓国际贸易（大连）有限公司,https://jobs.51job.com/all/co3696645.html,,,python软件开发工程师/实习,04-10
650,西安,西安逆袭网络科技有限公司,https://jobs.51job.com/all/co4046561.html,,,Python开发工程师,04-09
651,杭州,浙江网新恒天软件有限公司,https://jobs.51job.com/all/co490237.html,,,Python developer,04-09
652,深圳,深圳市博奥特科技有限公司,https://jobs.51job.com/all/co2458928.html,,,Python开发工程师,04-08
653,青岛,青岛海联软件科技有限公司,https://jobs.51job.com/all/co4874252.html,,,C++/Python开发工程师,04-07
654,天津,恩知瑞安集团,https://jobs.51job.com/all/co3381757.html,,,Python开发工程师,04-06
655,广州,广州网跃信息科技有限公司,https://jobs.51job.com/all/co4357680.html,,,python开发工程师,04-04
656,上海,华院数据技术（上海）有限公司,https://jobs.51job.com/all/co267750.html,,,python/算法/人工智能培训讲师,04-04
657,上海,上海众龙实业有限公司,https://jobs.51job.com/all/co3647913.html,,,Python开发工程师,04-04
658,佛山,广东朗德华云能源科技有限公司,https://jobs.51job.com/all/co3753457.html,,,Python开发工程师,04-04
659,成都,鲜生活冷链物流有限公司,https://jobs.51job.com/all/co4297510.html,,,Python开发工程师,04-03
660,北京,雷象科技（北京）有限公司,https://jobs.51job.com/all/co4424636.html,,,python高级工程师,04-03
661,福州,福建省九州昱投资发展有限公司,https://jobs.51job.com/all/co4957623.html,,,Python 开发工程师（server）,04-03
662,深圳,一泰慧安（深圳）科技有限公司,https://jobs.51job.com/all/co4927625.html,,,Python开发工程师,04-03
663,深圳,深圳市东方博雅科技有限公司,https://jobs.51job.com/all/co582265.html,,,Python开发工程师,04-02
664,上海,上海双湖信息科技有限公司,https://jobs.51job.com/all/co3759383.html,,,Python工程师,04-02
665,深圳,深圳市妙严科技有限公司,https://jobs.51job.com/all/co4832116.html,,,Python开发工程师,04-02
666,上海,上海迅元信息科技有限公司,https://jobs.51job.com/all/co2606652.html,,,自动化测试工程师python、c,04-01
667,广州,爱立信信息技术服务（中国）有限公司广州第一分公司,https://jobs.51job.com/all/co4179336.html,,,Python开发主管,04-01
668,无锡,无锡辰云科技股份有限公司,https://jobs.51job.com/all/co4955184.html,,,Python 开发工程师,03-31
669,南昌,江西北软科技系统工程有限公司,https://jobs.51job.com/all/co2442631.html,,,python中级开发工程师,03-30
670,南京,南京亚电电力自动化有限公司,https://jobs.51job.com/all/co2664176.html,,,Python开发工程师,03-30
671,杭州,上海西线教育科技有限公司,https://jobs.51job.com/all/co4045813.html,,,(急)高级数据分析师/R/Python/SQL,03-30
672,上海,上海念空数据科技中心（有限合伙）,https://jobs.51job.com/all/co3705413.html,,,python 开发工程师（偏web方向）,03-30
673,深圳,深圳市比一比网络科技有限公司,https://jobs.51job.com/all/co2334981.html,,,Python 爬虫工程师,03-29
674,异地招聘,中科创达软件股份有限公司,https://jobs.51job.com/all/co2571248.html,,,Python开发工程师,03-29
675,长沙,中联重科股份有限公司,https://jobs.51job.com/all/co300101.html,,,大数据开发工程师（python）,03-29
676,广州,广州永霸信息科技股份有限公司,https://jobs.51job.com/all/co3111720.html,,,Python工程师（初级）,03-29
677,上海,上海美吉生物医药科技有限公司,https://jobs.51job.com/all/co2542415.html,,,Python开发工程师,03-28
678,深圳,深圳市拓保软件有限公司,https://jobs.51job.com/all/co2221870.html,,,Python开发工程师,03-28
679,佛山,比尔信息技术（北京）有限公司,https://jobs.51job.com/all/co3786991.html,,,Python高级开发工程师,03-28
680,杭州,浙江紫桓华韵影视制作有限公司,https://jobs.51job.com/all/co3856667.html,,,CG流程工程师/Python程序员,03-28
681,北京,秒秒测科技（北京）有限公司,https://jobs.51job.com/all/co3633944.html,,,Python高级开发工程师,03-27
682,沈阳,沈阳尚观云科技有限公司,https://jobs.51job.com/all/co4888576.html,,,Python讲师,03-27
683,深圳,深圳市爱牙邦医疗器械有限公司,https://jobs.51job.com/all/co4586381.html,,,运维工程师,05-26
684,上海,励元科技（上海）有限公司,https://jobs.51job.com/all/co2391798.html,,,BI工程师,05-26
685,上海,上海利莫网络科技有限公司,https://jobs.51job.com/all/co3956203.html,,,Go工程师,05-26
686,青岛,青岛尽如意网络科技有限公司,https://jobs.51job.com/all/co3774231.html,,,软件测试工程师,05-26
687,深圳,深圳市云才网络信息技术有限公司,https://jobs.51job.com/all/co4347824.html,,,大数据算法开发资深工程师,05-26
688,异地招聘,广州飞歌汽车音响有限公司,https://jobs.51job.com/all/co4968213.html,,,运维工程师,05-26
689,深圳,深圳市大牛创业投资有限公司,https://jobs.51job.com/all/co4953693.html,,,全栈工程师,05-26
690,异地招聘,深圳梵谷人力资源有限公司,https://jobs.51job.com/all/co5047576.html,,,系统运维工程师,05-26
691,上海,上海秉坤数码科技有限公司,https://jobs.51job.com/all/co3177192.html,,,高级软件测试工程师,05-26
692,上海,上海微展信息科技有限公司,https://jobs.51job.com/all/co2794940.html,,,Java后台开发工程师,05-26
693,深圳,上海携银信息科技有限公司,https://jobs.51job.com/all/co2543653.html,,,运维开发,05-26
694,上海,上海大智慧股份有限公司,https://jobs.51job.com/all/co1422755.html,,,运维工程师,05-26
695,深圳,硕诺科技（深圳）有限公司,https://jobs.51job.com/all/co3353344.html,,,自动化测试工具开发工程师,05-26
696,上海,北京经纬恒润科技有限公司上海分公司,https://jobs.51job.com/all/co2103347.html,,,自动化工程师,05-26
697,北京,北京索莱宝科技有限公司,https://jobs.51job.com/all/co1996832.html,,,网站开发,05-26
698,武汉,广东广信通信服务有限公司,https://jobs.51job.com/all/co3751375.html,,,系统工程师,05-26
699,合肥,安徽学业智能信息技术有限公司,https://jobs.51job.com/all/co4917765.html,,,初级运维开发工程师,05-26
700,上海,上海汇银（集团）有限公司,https://jobs.51job.com/all/co227210.html,,,数据开发工程师,05-26
701,武汉,武汉云科慧联科技有限公司,https://jobs.51job.com/all/co4087490.html,,,腾讯云大数据工程师，大数据工程师，云计算工程师,05-26
702,苏州,苏州同元软控信息技术有限公司,https://jobs.51job.com/all/co2429823.html,,,Web全栈开发工程师,05-26
703,武汉,广州市佳众联科技有限公司,https://jobs.51job.com/all/co3219618.html,,,产品研发经理（武汉）,05-26
704,杭州,杭州涂鸦信息技术有限公司,https://jobs.51job.com/all/co3502965.html,,,自然语言处理工程师,05-26
705,上海,易百信息技术（上海）股份有限公司,https://jobs.51job.com/all/co2573346.html,,,运维工程师,05-26
706,南京,江苏省未来网络创新研究院,https://jobs.51job.com/all/co2720428.html,,,IT运维工程师,05-26
707,深圳,深圳市道合顺科技有限公司,https://jobs.51job.com/all/co3414567.html,,,PHP高级开发工程师,05-26
708,上海,溢米辅导-中小学在线1对1,https://jobs.51job.com/all/co3622213.html,,,BI主管/BI工程师,05-26
709,上海,悠融资产管理（上海）有限公司,https://jobs.51job.com/all/co3156414.html,,,中级测试工程师,05-26
710,福州,福州利昂软件有限公司,https://jobs.51job.com/all/co3477607.html,,,软件测试工程师,05-26
711,杭州,杭州飓热网络科技有限公司,https://jobs.51job.com/all/co5039052.html,,,资深运维工程师,05-26
712,上海,上海艾录包装股份有限公司,https://jobs.51job.com/all/co2511193.html,,,全栈开发工程师,05-26
713,西安,联咏电子科技（西安）有限公司,https://jobs.51job.com/all/co3064074.html,,,图像/视频高级算法工程师,05-26
714,上海,上海德拓信息技术股份有限公司,https://jobs.51job.com/all/co2806667.html,,,PHP工程师,05-26
715,杭州,不鸣科技（杭州）有限公司,https://jobs.51job.com/all/co3465311.html,,,资深系统运维工程师,05-26
716,广州,广州六米网络科技有限公司,https://jobs.51job.com/all/co3311109.html,,,技术副总监,05-26
717,深圳,深圳鲲鹏无限科技有限公司,https://jobs.51job.com/all/co4005386.html,,,全栈工程师,05-26
718,广州,蜘点商业网络服务有限公司,https://jobs.51job.com/all/co3905767.html,,,测试经理,05-26
719,上海,上海太平洋房屋服务有限公司,https://jobs.51job.com/all/co3878805.html,,,DBA,05-26
720,南昌,南昌帝驰科技有限公司,https://jobs.51job.com/all/co3925460.html,,,信息化专员,05-26
721,深圳,爱享叁陆伍网络技术有限公司,https://jobs.51job.com/all/co4452891.html,,,风险建模岗,05-26
722,北京,北京蛙鸣华清环保科技有限公司,https://jobs.51job.com/all/co4289336.html,,,高级数据分析师（环保大气方向）,05-26
723,杭州,神州数码信息服务股份有限公司,https://jobs.51job.com/all/co2683268.html,,,阿里网络架构工程师,05-26
724,郑州,河南迪一嘉广告有限公司,https://jobs.51job.com/all/co4224527.html,,,PHP开发工程师,05-26
725,北京,北京幽墨科技有限公司,https://jobs.51job.com/all/co5055237.html,,,嵌入式linux工程师,05-26
726,成都,成都市极米科技有限公司,https://jobs.51job.com/all/co3558858.html,,,初级软件测试工程师,05-26
727,广州,广州艾可机器人有限公司,https://jobs.51job.com/all/co4085541.html,,,助理测试工程师,05-26
728,北京,万宝盛华企业管理咨询（上海）有限公司,https://jobs.51job.com/all/co4863675.html,,,网络安全工程师,05-26
729,深圳,深圳市友咖科技有限公司,https://jobs.51job.com/all/co4388323.html,,,运维工程师,05-26
730,北京,宝宝树（北京）信息技术有限公司,https://jobs.51job.com/all/co2714646.html,,,数据分析师(000471),05-26
731,广州,宏脉信息技术（广州）股份有限公司,https://jobs.51job.com/all/co2097356.html,,,性能测试工程师,05-26
732,深圳,深圳市星月互娱科技有限公司,https://jobs.51job.com/all/co4723895.html,,,运维工程师,05-26
733,广州,广州卓游信息科技有限公司,https://jobs.51job.com/all/co3789154.html,,,游戏服务端程序,05-26
734,烟台,软银机器人贸易（上海）有限公司,https://jobs.51job.com/all/co2776400.html,,,测试工程师,05-26
735,北京,北京世纪明德教育科技股份有限公司,https://jobs.51job.com/all/co4280201.html,,,APP测试工程师,05-26
736,大连,泛林半导体设备技术（上海）有限公司,https://jobs.51job.com/all/co161442.html,,,Process and Integration Engineer,05-26
737,上海,上海璞心信息技术有限公司,https://jobs.51job.com/all/co4524861.html,,,软件测试工程师,05-26
738,天津,北京诺禾致源科技股份有限公司,https://jobs.51job.com/all/co2670101.html,,,生物云-生物信息工程师,05-26
739,上海,上海信而富企业管理有限公司,https://jobs.51job.com/all/co3594092.html,,,运维工程师,05-26
740,上海,Sumscope,https://jobs.51job.com/all/co2419439.html,200元/天,200元/天,C++开发实习生（有留用机会）,05-26
741,苏州,江苏通付盾科技有限公司,https://jobs.51job.com/all/co2709327.html,,,IT运维工程师,05-26
742,上海,快钱支付清算信息有限公司,https://jobs.51job.com/all/co405473.html,,,高级信息安全工程师,05-26
743,北京,京东集团总部,https://jobs.51job.com/all/co3846650.html,,,流媒体资深架构师,05-26
744,广州,广州满天星广告有限公司,https://jobs.51job.com/all/co2865129.html,,,资深软件测试工程师,05-26
745,深圳,深圳新语餐饮管理有限公司,https://jobs.51job.com/all/co678058.html,,,运维工程师,05-26
746,重庆,上海畅联智融通讯科技有限公司,https://jobs.51job.com/all/co3109375.html,,,SCM工程师-（重庆）,05-26
747,成都,成都三零凯天通信实业有限公司,https://jobs.51job.com/all/co2233491.html,,,Java后端开发工程师,05-26
748,上海,黑鹰（上海）投资管理有限公司,https://jobs.51job.com/all/co3144608.html,,,测试工程师,05-26
749,北京,北京松果电子有限公司,https://jobs.51job.com/all/co4767687.html,,,ISP图像处理算法工程师,05-26
750,深圳,深圳票联金融服务有限公司,https://jobs.51job.com/all/co3389095.html,,,软件测试工程师,05-26
751,北京,北京史河科技有限公司,https://jobs.51job.com/all/co4800141.html,,,软件开发实习生,05-26
752,杭州,杭州泰捷科技有限公司,https://jobs.51job.com/all/co2646090.html,,,运维工程师,05-26
753,上海,上海高鸣企业管理有限公司,https://jobs.51job.com/all/co4659391.html,,,Java高级开发工程师,05-26
754,上海,开利空调冷冻研发管理（上海）有限公司,http://carrier.51job.com,,,Research Engineer: IoT,05-26
755,上海,普链基生物科技（广东）有限公司,https://jobs.51job.com/all/co5012367.html,150元/天,150元/天,生信数据分析（实习生）,05-26
756,上海,上海易果电子商务有限公司,https://jobs.51job.com/all/co2044616.html,,,数据应用工程师(J11277),05-26
757,深圳,深圳市云之讯网络技术有限公司,https://jobs.51job.com/all/co3424173.html,,,数据运营专员 (MJ000848),05-26
758,上海,上海中文在线文化发展有限公司,https://jobs.51job.com/all/co3384386.html,,,运维工程师（黄浦 急聘）(000682)副本1,05-26
759,深圳,东方微银网络信息（北京）有限公司,https://jobs.51job.com/all/co3852970.html,,,配置管理工程师,05-26
760,上海,上海族商企业管理咨询有限公司,https://jobs.51job.com/all/co4813545.html,,,IT技术支持,05-26
761,苏州,上海东软载波微电子有限公司,https://jobs.51job.com/all/co129603.html,,,ATE测试工程师,05-26
762,北京,Veeva Systems Inc,https://jobs.51job.com/all/co2671865.html,200元/天,200元/天,软件测试实习生,05-26
763,南京,南京市电子口岸有限公司,https://jobs.51job.com/all/co4547749.html,,,Java开发工程师,05-26
764,深圳,深圳市九五互娱科技有限公司,https://jobs.51job.com/all/co5054584.html,,,Cocos2d-x开发工程师,05-26
765,广州,易联支付有限公司,https://jobs.51job.com/all/co1008055.html,,,数据分析员,05-26
766,苏州,北京锦富云智能科技有限公司,https://jobs.51job.com/all/co4459650.html,,,后台开发工程师,05-26
767,北京,北京天源迪科信息技术有限公司,https://jobs.51job.com/all/co3651873.html,,,测试工程师（应届生/实习生）,05-26
768,杭州,浙江创得信息技术有限公司,https://jobs.51job.com/all/co2302108.html,,,Node全栈工程师,05-26
769,石家庄,赛诺贝斯（北京）营销技术股份有限公司,https://jobs.51job.com/all/co715401.html,,,Web前端开发工程师,05-26
770,广州,广东乔韵网络科技发展有限公司,https://jobs.51job.com/all/co3801306.html,,,数字信号处理工程师（音频方向）,05-26
771,广州,广州亦云信息技术股份有限公司,https://jobs.51job.com/all/co2283475.html,,,售前经理（人工智能）,05-26
772,北京,上海每联每信息技术有限公司大连分公司,https://jobs.51job.com/all/co3770954.html,,,网络安全工程师,05-26
773,北京,广联达科技股份有限公司,https://jobs.51job.com/all/co2220020.html,,,知识库建设专家(005421),05-26
774,深圳,深圳市微购科技有限公司,https://jobs.51job.com/all/co3554684.html,,,高级测试经理,05-26
775,苏州,神州数码系统集成服务有限公司上海分公司,https://jobs.51job.com/all/co3846646.html,,,软件维护工程师,05-26
776,成都,成都铁皮人科技有限公司,https://jobs.51job.com/all/co2851399.html,,,Java高级开发工程师,05-26
777,南京,上海海万信息科技股份有限公司,https://jobs.51job.com/all/co2873635.html,,,Java开发工程师,05-26
778,北京,北京新桥信通科技股份有限公司,https://jobs.51job.com/all/co5053210.html,,,C开发工程师,05-26
779,杭州,南京汇银迅信息技术有限公司,https://jobs.51job.com/all/co5053977.html,,,系统运维工程师,05-26
780,南京,江苏金智科技股份有限公司,https://jobs.51job.com/all/co2568950.html,,,图像算法工程师,05-26
781,广州,广州幽联信息技术有限公司,https://jobs.51job.com/all/co3933163.html,,,系统运维工程师 A,05-26
782,上海,钜石科技,https://jobs.51job.com/all/co4913178.html,,,运维工程师,05-26
783,青岛,ANT,https://jobs.51job.com/all/co4428902.html,,,技术总监,05-26
784,上海,上海龙团信息技术有限公司,https://jobs.51job.com/all/co3350899.html,,,金融产品经理,05-26
785,上海,径卫视觉科技（上海）有限公司,https://jobs.51job.com/all/co3149995.html,,,系统工程师,05-26
786,上海,国泰君安期货有限公司,https://jobs.51job.com/all/co2992651.html,,,高级期权量化分析师,05-26
787,杭州,中电协通科技（张家口）有限公司,https://jobs.51job.com/all/co4862001.html,,,中级前端开发工程师,05-26
788,北京,北京小牛奔奔科技有限公司,https://jobs.51job.com/all/co5035738.html,,,树莓派开发工程师,05-26
789,杭州,杭州煎饼网络技术有限公司,https://jobs.51job.com/all/co3390610.html,,,数据建模师,05-26
790,南京,常州指南者教育咨询有限公司,https://jobs.51job.com/all/co2841662.html,200元/天,200元/天,线上课程研发实习生,05-26
791,深圳,深圳华之业技术有限公司,https://jobs.51job.com/all/co4781285.html,,,软件测试工程师,05-26
792,成都,四川亨通网智科技有限公司,https://jobs.51job.com/all/co3585132.html,,,大数据算法工程师,05-26
793,深圳,深圳呱呱商务咨询服务有限公司,https://jobs.51job.com/all/co4660273.html,,,运营岗（数据方向）,05-26
794,上海,中联富地（上海）资产经营管理有限公司,https://jobs.51job.com/all/co3617428.html,,,算法工程师,05-26
795,东莞,东莞市童思童行教育科技有限公司,https://jobs.51job.com/all/co5025739.html,,,少儿编程老师,05-26
796,北京,北京风行盛世文化传播有限公司,https://jobs.51job.com/all/co3392205.html,,,软件测试工程师,05-26
797,济南,济南华峻科技有限公司,https://jobs.51job.com/all/co2273147.html,,,双休五险一金高新诚聘运营维护工程师,05-26
798,北京,中国科学院自动化研究所,https://jobs.51job.com/all/co3205612.html,,,故障诊断与预测 软件研发工程师,05-26
799,南京,南京启道咨询管理有限公司,https://jobs.51job.com/all/co3520814.html,,,产品经理,05-26
800,北京,北京恒通博瑞电子科技有限公司,https://jobs.51job.com/all/co4618415.html,,,（急）硬件测试工程师,05-26
801,广州,广州名科计算机网络有限公司,https://jobs.51job.com/all/co2510203.html,,,产品测试工程师（五险一金）,05-26
802,广州,广州智网信息技术有限公司,https://jobs.51job.com/all/co4004459.html,,,技术支持工程师,05-26
803,上海,国动物联网技术（上海）有限公司,https://jobs.51job.com/all/co4908947.html,,,软件开发工程师（服务器端）,05-26
804,上海,上海泛在企业管理有限公司,https://jobs.51job.com/all/co3342086.html,,,3dsmax二次开发工程师,05-26
805,上海,上海后河投资管理有限公司,https://jobs.51job.com/all/co3623497.html,,,运营数据分析,05-26
806,上海,上海增容数据科技有限公司,https://jobs.51job.com/all/co3952414.html,,,人工智能讲师（***）,05-26
807,上海,上海菲信通信服务有限公司,https://jobs.51job.com/all/co2407743.html,,,中级运维工程师,05-26
808,上海,世纪天成,https://jobs.51job.com/all/co319309.html,,,信息安全开发工程师,05-26
809,广州,广州多群智能科技有限公司,https://jobs.51job.com/all/co4349965.html,,,网站运维工程师（懂基础Java，前端页面更换设置）,05-26
810,杭州,拙思信息科技（上海）有限公司,https://jobs.51job.com/all/co4522169.html,,,Web前端开发工程师,05-26
811,深圳,上海绰瑞资产管理有限公司,https://jobs.51job.com/all/co4070921.html,,,高级量化交易分析师,05-26
812,长沙,湖南网数科技有限公司,https://jobs.51job.com/all/co3946439.html,,,CDN运维工程师,05-26
813,长沙,兴盛社区网络服务股份有限公司,https://jobs.51job.com/all/co3105793.html,,,MYSQL数据库管理员（包食宿）,05-26
814,上海,西安开米股份有限公司,https://jobs.51job.com/all/co4487889.html,,,大数据总经理,05-26
815,上海,上海速朗电子科技有限公司,https://jobs.51job.com/all/co3819036.html,,,现场应用工程师,05-26
816,成都,上海霍莱沃电子系统技术股份有限公司,https://jobs.51job.com/all/co2786336.html,,,软件C++开发工程师（成都),05-26
817,大连,大连伟岸纵横科技股份有限公司,https://jobs.51job.com/all/co2490945.html,,,Java开发工程师,05-26
818,北京,深圳天源迪科信息技术股份有限公司北京办事处,https://jobs.51job.com/all/co2387619.html,,,中高级java开发工程师,05-26
819,深圳,华迎控股有限公司,https://jobs.51job.com/all/co4911763.html,,,产品测试工程师,05-26
820,武汉,武汉辰之行科技有限公司,https://jobs.51job.com/all/co4316392.html,,,技术经理,05-26
821,上海,上海猎鸿信息科技有限公司,https://jobs.51job.com/all/co3898699.html,,,高级运维工程师,05-26
822,上海,上海寓锡互联网金融信息服务有限公司,https://jobs.51job.com/all/co4051250.html,,,linux 运维工程师,05-26
823,济南,济南威盛数据技术有限公司,https://jobs.51job.com/all/co4504554.html,,,容器平台开发工程师,05-26
824,长沙,湖南交通物流信息服务有限公司,https://jobs.51job.com/all/co2971057.html,,,前端开发工程师,05-26
825,深圳,即有分期,https://jobs.51job.com/all/co3386933.html,,,爬虫开发工程师,05-26
826,深圳,深圳市游滨果科技有限公司,https://jobs.51job.com/all/co4804422.html,,,技术总监,05-26
827,广州,广州达瑞生殖技术有限公司,https://jobs.51job.com/all/co4452240.html,,,生物信息工程师,05-26
828,杭州,杭州泰格医药科技股份有限公司,https://jobs.51job.com/all/co339774.html,,,高级WEB前端（React 1年+）,05-26
829,上海,上海恒生聚源数据服务有限公司,https://jobs.51job.com/all/co2552237.html,,,Linux应用运维工程师,05-26
830,北京,赞同科技股份有限公司,https://jobs.51job.com/all/co2966427.html,,,Java开发工程师,05-26
831,深圳,深圳淘邦网络科技有限公司,https://jobs.51job.com/all/co3603437.html,,,Java中级软件工程师,05-26
832,南京,融奕数智科技（深圳）有限公司,https://jobs.51job.com/all/co4609056.html,,,分析/咨询师,05-26
833,深圳,深圳市见康云科技有限公司,https://jobs.51job.com/all/co3701992.html,,,区块链工程师,05-26
834,深圳,深圳法大大网络科技有限公司,https://jobs.51job.com/all/co3519412.html,,,区块链高级工程师,05-26
835,南京,上海诺祺科技有限公司,https://jobs.51job.com/all/co123250.html,,,数据分析挖掘工程师,05-26
836,长沙,湖南小推车网络科技有限公司,https://jobs.51job.com/all/co3995210.html,,,运维工程师,05-26
837,青岛,青岛鸿普电气科技有限公司,https://jobs.51job.com/all/co3215056.html,,,Linux软件开发工程师,05-26
838,上海,上海象游数码科技有限公司,https://jobs.51job.com/all/co2505654.html,,,PHP开发工程师,05-26
839,广州,广州数鹏通科技有限公司,https://jobs.51job.com/all/co2314735.html,,,运维工程师（广州）,05-26
840,南京,南京首一率电子商务有限公司,https://jobs.51job.com/all/co2796148.html,,,前端开发工程师,05-26
841,上海,丰趣海淘,https://jobs.51job.com/all/co3675332.html,,,大数据开发工程师,05-26
842,上海,天马微电子股份有限公司,https://jobs.51job.com/all/co2709724.html,,,系统工程师,05-26
843,上海,震坤行工业超市（上海）有限公司,https://jobs.51job.com/all/co419990.html,,,人工智能算法工程师,05-26
844,南京,江苏鑫合易家信息技术有限责任公司,https://jobs.51job.com/all/co4161686.html,,,大数据研发工程师,05-26
845,上海,上海易对医生物医药科技有限公司,https://jobs.51job.com/all/co4138592.html,,,数据信息库维护工程师,05-26
846,杭州,杭州叙简科技股份有限公司,https://jobs.51job.com/all/co3041795.html,,,图像识别算法工程师,05-26
847,上海,上海洋码头网络技术有限公司,https://jobs.51job.com/all/co2953022.html,,,大搜索高级java工程师,05-26
848,上海,学慧帮（上海）企业管理咨询有限公司,https://jobs.51job.com/all/co3926617.html,,,前端开发工程师,05-26
849,广州,广州市景心科技股份有限公司,https://jobs.51job.com/all/co2392955.html,,,软件工程师（大数据方向）,05-26
850,杭州,浙江力石科技股份有限公司,https://jobs.51job.com/all/co2534290.html,,,运维工程师（中级/高级）,05-26
851,天津,中电科技（北京）有限公司,https://jobs.51job.com/all/co3111043.html,,,配置管理工程师,05-26
852,上海,上海讯析电子科技有限公司,https://jobs.51job.com/all/co3486231.html,,,测试工程师,05-26
853,异地招聘,捷普集团-捷普电子 (无锡) 有限公司,https://jobs.51job.com/all/co3252168.html,,,Sr. RF Test Engineer,05-26
854,北京,青牛（北京）技术有限公司,https://jobs.51job.com/all/co175238.html,,,软件测试工程师,05-26
855,上海,上海航瞰信息技术有限公司,https://jobs.51job.com/all/co2758500.html,,,数据处理工程师,05-26
856,南宁,南宁市数众信息科技有限公司,https://jobs.51job.com/all/co4289789.html,,,软件工程师,05-26
857,上海,上海麦子资产管理有限公司,https://jobs.51job.com/all/co2314149.html,,,资深运维工程师,05-26
858,乌鲁木齐,南京烽火星空通信发展有限公司,https://jobs.51job.com/all/co3208550.html,,,数据分析师,05-26
859,广州,广州越维信息科技有限公司,https://jobs.51job.com/all/co2677973.html,,,服务器工程师,05-26
860,广州,广州精科医学检验所有限公司,https://jobs.51job.com/all/co4452830.html,,,初级生物信息研发工程师,05-26
861,北京,北京艾思科米科技有限公司,https://jobs.51job.com/all/co3182179.html,,,算法工程师,05-26
862,苏州,江苏风云科技服务有限公司,https://jobs.51job.com/all/co2702607.html,,,自动化测试架构师,05-26
863,杭州,上海蜂阁信息科技有限公司,https://jobs.51job.com/all/co2532742.html,,,Web前端开发工程师,05-26
864,广州,广州市勤思网络科技有限公司,https://jobs.51job.com/all/co3521680.html,,,前端开发工程师,05-26
865,南京,南京罗普森智能科技有限公司,https://jobs.51job.com/all/co4495850.html,,,C/C++系统工程师.,05-26
866,南京,南京雨花中兴信雅达培训中心,https://jobs.51job.com/all/co3585784.html,,,网络安全讲师,05-26
867,上海,上海财源投资发展有限公司,https://jobs.51job.com/all/co478194.html,,,量化投资,05-26
868,广州,上海互冠网络科技有限公司,https://jobs.51job.com/all/co3938345.html,,,手游运维工程师,05-26
869,合肥,安徽三实信息技术服务有限公司,https://jobs.51job.com/all/co3206884.html,,,web渗透网络安全工程师[福利优待],05-26
870,北京,青岛国富金融资产交易中心有限公司,https://jobs.51job.com/all/co3857049.html,,,初级测试工程师,05-26
871,上海,上海颐安信息技术有限公司,https://jobs.51job.com/all/co3608965.html,,,嵌入式研发工程师,05-26
872,深圳,深圳前海新华康互联网金融服务有限公司,https://jobs.51job.com/all/co3767134.html,,,运维工程师,05-26
873,南京,南京大学－南京生物医药研究院,https://jobs.51job.com/all/co2922707.html,,,IT主管,05-26
874,上海,筑客网络技术（上海）有限公司,https://jobs.51job.com/all/co3945020.html,,,java开发工程师,05-26
875,深圳,深圳前海金瑞龙互联网金融服务有限公司,https://jobs.51job.com/all/co3470024.html,,,资深数据分析师,05-26
876,杭州,国海良时期货有限公司,https://jobs.51job.com/all/co2276685.html,,,量化研究员,05-26
877,深圳,深圳市中易通网络技术有限公司,https://jobs.51job.com/all/co1328824.html,,,软件开发工程师（智能卡）,05-26
878,深圳,波峰网络科技有限公司,https://jobs.51job.com/all/co4017467.html,,,Senior Linux C Programmer（南山科技园）,05-26
879,上海,上海尔易信息科技有限公司,https://jobs.51job.com/all/co3886654.html,,,前端开发工程师,05-26
880,西安,北京天职信息技术有限公司,https://jobs.51job.com/all/co3967358.html,,,Team Leader(Java方向),05-26
881,南京,南京唯实科技有限公司,https://jobs.51job.com/all/co3820616.html,,,算法工程师,05-26
882,上海,上海华岭集成电路技术股份有限公司,https://jobs.51job.com/all/co2474183.html,,,测试工程师B,05-26
883,西安,西安悦锦电子信息科技有限公司,https://jobs.51job.com/all/co3838410.html,,,软件工程师,05-26
884,武汉,百度湖北营销服务中心,https://jobs.51job.com/all/co2010198.html,,,百度数据分析师,05-26
885,北京,北京康拓红外技术股份有限公司,https://jobs.51job.com/all/co2881330.html,,,图像识别软件研发,05-26
886,南京,南京讯优智超软件科技有限公司,https://jobs.51job.com/all/co2248392.html,,,自动化测试工程师,05-26
887,沈阳,沈阳东软软件人才培训中心,https://jobs.51job.com/all/co4628609.html,,,东软C++/Java开发实习生（可岗前培养）,05-26
888,海口,广东华讯工程有限公司,https://jobs.51job.com/all/co112307.html,,,海南GIS开发工程师(海口),05-26
889,长沙,埃摩森人才服务（上海）有限公司,https://jobs.51job.com/all/co3623864.html,,,Web前端开发工程师,05-26
890,广州,广州慧动信息科技有限公司,https://jobs.51job.com/all/co5014615.html,,,软件工程师,05-26
891,佛山,广州市蓝谷智能家居股份有限公司,https://jobs.51job.com/all/co2879710.html,,,基础运维工程师,05-26
892,深圳,深圳市麦澜创新科技有限公司,https://jobs.51job.com/all/co4112052.html,,,上位机软件工程师,05-26
893,南京,南京乐伽商业管理有限公司,https://jobs.51job.com/all/co4083125.html,,,测试工程师,05-26
894,成都,成都山河泰科技有限公司,https://jobs.51job.com/all/co2923758.html,,,研发总监（人工智能）,05-26
895,北京,广州易尊网络科技股份有限公司,https://jobs.51job.com/all/co2710285.html,,,数据分析师,05-26
896,深圳,深圳市迷你玩科技有限公司,https://jobs.51job.com/all/co4617206.html,,,PHP后端开发,05-26
897,深圳,深圳骑牛时代科技有限公司,https://jobs.51job.com/all/co3466434.html,,,软件测试工程师,05-26
898,深圳,深圳前海橙色魔方信息技术有限公司,https://jobs.51job.com/all/co3884692.html,,,算法工程师,05-26
899,杭州,杭州贝睿企业咨询管理有限公司,https://jobs.51job.com/all/co4975562.html,,,高级爬虫工程师,05-26
900,杭州,杭州核创科技有限公司,https://jobs.51job.com/all/co5037639.html,,,人工智能工程师,05-26
901,西安,西安亚购信息科技有限公司,https://jobs.51job.com/all/co3888269.html,,,数据开发工程师,05-26
902,深圳,深圳市华晨鑫科信息咨询有限公司,https://jobs.51job.com/all/co5053835.html,,,自动化测试讲师,05-26
903,济南,山东艾克瑞特教育咨询有限公司,https://jobs.51job.com/all/co4962979.html,,,嵌入式软件工程师,05-26
904,南京,三只松鼠股份有限公司,https://jobs.51job.com/all/co2978447.html,,,数据工程师,05-26
905,太原,山西绿萝科技有限公司,https://jobs.51job.com/all/co4931852.html,,,人工智能实习生,05-26
906,深圳,欧拓飞科技（深圳）有限公司,https://jobs.51job.com/all/co4774345.html,,,系统开发工程师,05-26
907,东莞,东莞市奥马实业投资有限公司,https://jobs.51job.com/all/co3894010.html,,,数据库工程师,05-26
908,北京,去哪儿网玩乐事业部,https://jobs.51job.com/all/co4696429.html,,,高级前端开发工程师-玩乐事业部(J12779),05-26
